date,close,donchian_ceiling_20d,donchian_floor_20d,state
2016-01-26,0.75737,0.76948,0.73262,0
2016-01-27,0.76542,0.76948,0.73262,0
2016-01-28,0.76158,0.76948,0.7367,0
2016-01-29,0.76054,0.76948,0.74651,0
2016-01-31,0.75999,0.76948,0.74651,0
2016-02-01,0.75535,0.76948,0.74651,0
2016-02-02,0.7579,0.76948,0.74651,0
2016-02-03,0.76056,0.76948,0.75115,0
2016-02-04,0.7682,0.76948,0.75274,0
2016-02-05,0.76931,0.76948,0.75274,0
2016-02-07,0.76808,0.76948,0.75535,0
2016-02-08,0.7752,0.7752,0.75535,0
2016-02-09,0.78058,0.78058,0.75535,0
2016-02-10,0.77702,0.78058,0.75535,0
2016-02-11,0.78158,0.78158,0.75535,0
2016-02-12,0.77615,0.78158,0.75535,0
2016-02-14,0.77298,0.78158,0.75535,0
2016-02-15,0.77325,0.78158,0.75535,0
2016-02-16,0.77909,0.78158,0.75535,0
2016-02-17,0.77868,0.78158,0.75535,0
2016-02-18,0.7752,0.78158,0.75535,0
2016-02-19,0.7729,0.78158,0.75535,0
2016-02-21,0.77983,0.78158,0.75535,0
2016-02-22,0.77924,0.78158,0.75535,0
2016-02-23,0.78706,0.78706,0.75535,0
2016-02-24,0.79073,0.79073,0.7579,0
2016-02-25,0.7892,0.79073,0.76056,0
2016-02-26,0.78807,0.79073,0.76808,0
2016-02-28,0.7881,0.79073,0.76808,0
2016-02-29,0.78162,0.79073,0.76808,0
2016-03-01,0.77908,0.79073,0.7729,0
2016-03-02,0.77202,0.79073,0.77202,0
2016-03-03,0.77236,0.79073,0.77202,0
2016-03-04,0.77363,0.79073,0.77202,0
2016-03-06,0.77348,0.79073,0.77202,0
2016-03-07,0.77228,0.79073,0.77202,0
2016-03-08,0.77438,0.79073,0.77202,0
2016-03-09,0.77332,0.79073,0.77202,0
2016-03-10,0.78245,0.79073,0.77202,0
2016-03-11,0.77512,0.79073,0.77202,0
2016-03-13,0.77651,0.79073,0.77202,0
2016-03-14,0.77734,0.79073,0.77202,0
2016-03-15,0.78466,0.79073,0.77202,0
2016-03-16,0.78708,0.79073,0.77202,0
2016-03-17,0.78174,0.79073,0.77202,0
2016-03-18,0.77851,0.7892,0.77202,0
2016-03-20,0.77964,0.7881,0.77202,0
2016-03-21,0.78207,0.7881,0.77202,0
2016-03-22,0.78898,0.78898,0.77202,0
2016-03-23,0.79196,0.79196,0.77202,0
2016-03-24,0.78997,0.79196,0.77202,0
2016-03-25,0.79041,0.79196,0.77228,0
2016-03-27,0.78968,0.79196,0.77228,0
2016-03-28,0.7855,0.79196,0.77228,0
2016-03-29,0.78483,0.79196,0.77228,0
2016-03-30,0.78858,0.79196,0.77332,0
2016-03-31,0.79211,0.79211,0.77332,0
2016-04-01,0.80075,0.80075,0.77512,0
2016-04-03,0.80104,0.80104,0.77512,0
2016-04-04,0.79836,0.80104,0.77651,0
2016-04-05,0.80394,0.80394,0.77734,0
2016-04-06,0.80672,0.80672,0.77851,0
2016-04-07,0.80892,0.80892,0.77851,0
2016-04-08,0.80691,0.80892,0.77851,0
2016-04-10,0.80712,0.80892,0.77851,0
2016-04-11,0.80168,0.80892,0.77964,0
2016-04-12,0.79795,0.80892,0.78207,0
2016-04-13,0.79486,0.80892,0.78483,0
2016-04-14,0.79668,0.80892,0.78483,0
2016-04-15,0.79444,0.80892,0.78483,0
2016-04-17,0.79674,0.80892,0.78483,0
2016-04-18,0.7916,0.80892,0.78483,0
2016-04-19,0.78951,0.80892,0.78483,0
2016-04-20,0.78836,0.80892,0.78483,0
2016-04-21,0.78826,0.80892,0.78826,0
2016-04-22,0.7792,0.80892,0.7792,0
2016-04-24,0.77755,0.80892,0.77755,0
2016-04-25,0.77772,0.80892,0.77755,0
2016-04-26,0.77511,0.80892,0.77511,0
2016-04-27,0.77908,0.80892,0.77511,0
2016-04-28,0.77736,0.80892,0.77511,0
2016-04-29,0.78357,0.80892,0.77511,0
2016-05-01,0.78482,0.80712,0.77511,0
2016-05-02,0.78596,0.80712,0.77511,0
2016-05-03,0.79054,0.80168,0.77511,0
2016-05-04,0.79222,0.79795,0.77511,0
2016-05-05,0.78674,0.79674,0.77511,0
2016-05-06,0.79047,0.79674,0.77511,0
2016-05-08,0.78928,0.79674,0.77511,0
2016-05-09,0.78989,0.79674,0.77511,0
2016-05-10,0.78708,0.79222,0.77511,0
2016-05-11,0.79144,0.79222,0.77511,0
2016-05-12,0.78746,0.79222,0.77511,0
2016-05-13,0.78747,0.79222,0.77511,0
2016-05-15,0.78864,0.79222,0.77511,0
2016-05-16,0.78342,0.79222,0.77511,0
2016-05-17,0.78266,0.79222,0.77511,0
2016-05-18,0.76879,0.79222,0.76879,0
2016-05-19,0.76738,0.79222,0.76738,0
2016-05-20,0.77395,0.79222,0.76738,0
2016-05-22,0.77439,0.79222,0.76738,0
2016-05-23,0.77446,0.79222,0.76738,0
2016-05-24,0.76203,0.79222,0.76203,0
2016-05-25,0.75905,0.79222,0.75905,0
2016-05-26,0.76316,0.79222,0.75905,0
2016-05-27,0.76016,0.79144,0.75905,0
2016-05-29,0.75964,0.79144,0.75905,0
2016-05-30,0.76182,0.79144,0.75905,0
2016-05-31,0.76878,0.79144,0.75905,0
2016-06-01,0.77588,0.79144,0.75905,0
2016-06-02,0.77412,0.79144,0.75905,0
2016-06-03,0.78293,0.78864,0.75905,0
2016-06-05,0.78895,0.78895,0.75905,0
2016-06-06,0.78597,0.78895,0.75905,0
2016-06-07,0.7809,0.78895,0.75905,0
2016-06-08,0.78565,0.78895,0.75905,0
2016-06-09,0.78196,0.78895,0.75905,0
2016-06-10,0.7892,0.7892,0.75905,0
2016-06-12,0.79204,0.79204,0.75905,0
2016-06-13,0.79466,0.79466,0.75905,0
2016-06-14,0.79404,0.79466,0.75905,0
2016-06-15,0.79338,0.79466,0.75905,0
2016-06-16,0.78856,0.79466,0.75905,0
2016-06-17,0.78539,0.79466,0.75964,0
2016-06-19,0.7782,0.79466,0.75964,0
2016-06-20,0.77162,0.79466,0.75964,0
2016-06-21,0.76716,0.79466,0.76182,0
2016-06-22,0.76591,0.79466,0.76591,0
2016-06-23,0.7784,0.79466,0.76591,0
2016-06-24,0.8119,0.8119,0.76591,0
2016-06-26,0.82134,0.82134,0.76591,0
2016-06-27,0.8328,0.8328,0.76591,0
2016-06-28,0.82942,0.8328,0.76591,0
2016-06-29,0.82677,0.8328,0.76591,0
2016-06-30,0.8329,0.8329,0.76591,0
2016-07-01,0.83931,0.83931,0.76591,0
2016-07-03,0.83771,0.83931,0.76591,0
2016-07-04,0.83923,0.83931,0.76591,0
2016-07-05,0.85356,0.85356,0.76591,0
2016-07-06,0.859,0.859,0.76591,0
2016-07-07,0.85698,0.859,0.76591,0
2016-07-08,0.85318,0.859,0.76591,0
2016-07-10,0.85332,0.859,0.76591,0
2016-07-11,0.8516,0.859,0.76591,0
2016-07-12,0.83348,0.859,0.76591,0
2016-07-13,0.84571,0.859,0.76591,0
2016-07-14,0.83184,0.859,0.76591,0
2016-07-15,0.83683,0.859,0.7784,0
2016-07-17,0.8355,0.859,0.8119,0
2016-07-18,0.83442,0.859,0.82134,0
2016-07-19,0.84039,0.859,0.82677,0
2016-07-20,0.83176,0.859,0.82677,0
2016-07-21,0.8335,0.859,0.82677,0
2016-07-22,0.83738,0.859,0.83176,0
2016-07-24,0.83586,0.859,0.83176,0
2016-07-25,0.8386,0.859,0.83176,0
2016-07-26,0.83567,0.859,0.83176,0
2016-07-27,0.83666,0.859,0.83176,0
2016-07-28,0.84198,0.859,0.83176,0
2016-07-29,0.84479,0.85698,0.83176,0
2016-07-31,0.84494,0.85332,0.83176,0
2016-08-01,0.84697,0.85332,0.83176,0
2016-08-02,0.84114,0.8516,0.83176,0
2016-08-03,0.83669,0.84697,0.83176,0
2016-08-04,0.84819,0.84819,0.83176,0
2016-08-05,0.8483,0.8483,0.83176,0
2016-08-07,0.84801,0.8483,0.83176,0
2016-08-08,0.85057,0.85057,0.83176,0
2016-08-09,0.85441,0.85441,0.83176,0
2016-08-10,0.85906,0.85906,0.83176,0
2016-08-11,0.85983,0.85983,0.83176,0
2016-08-12,0.86395,0.86395,0.8335,0
2016-08-14,0.8649,0.8649,0.83567,0
2016-08-15,0.86816,0.86816,0.83567,0
2016-08-16,0.86542,0.86816,0.83567,0
2016-08-17,0.86614,0.86816,0.83567,0
2016-08-18,0.86209,0.86816,0.83666,0
2016-08-19,0.86613,0.86816,0.83669,0
2016-08-21,0.8649,0.86816,0.83669,0
2016-08-22,0.86176,0.86816,0.83669,0
2016-08-23,0.85636,0.86816,0.83669,0
2016-08-24,0.85073,0.86816,0.83669,0
2016-08-25,0.85558,0.86816,0.83669,0
2016-08-26,0.85246,0.86816,0.84801,0
2016-08-28,0.85307,0.86816,0.84801,0
2016-08-29,0.85386,0.86816,0.84801,0
2016-08-30,0.85174,0.86816,0.85057,0
2016-08-31,0.84946,0.86816,0.84946,0
2016-09-01,0.8436,0.86816,0.8436,0
2016-09-02,0.83905,0.86816,0.83905,0
2016-09-04,0.83932,0.86816,0.83905,0
2016-09-05,0.8377,0.86816,0.8377,0
2016-09-06,0.83833,0.86816,0.8377,0
2016-09-07,0.84256,0.86614,0.8377,0
2016-09-08,0.84677,0.86614,0.8377,0
2016-09-09,0.84647,0.86613,0.8377,0
2016-09-11,0.84692,0.86613,0.8377,0
2016-09-12,0.84288,0.8649,0.8377,0
2016-09-13,0.85045,0.86176,0.8377,0
2016-09-14,0.84792,0.85636,0.8377,0
2016-09-15,0.84904,0.85558,0.8377,0
2016-09-16,0.85791,0.85791,0.8377,0
2016-09-18,0.85746,0.85791,0.8377,0
2016-09-19,0.85714,0.85791,0.8377,0
2016-09-20,0.85904,0.85904,0.8377,0
2016-09-21,0.85856,0.85904,0.8377,0
2016-09-22,0.85672,0.85904,0.8377,0
2016-09-23,0.86575,0.86575,0.8377,0
2016-09-25,0.86591,0.86591,0.8377,0
2016-09-26,0.86754,0.86754,0.8377,0
2016-09-27,0.86224,0.86754,0.8377,0
2016-09-28,0.8609,0.86754,0.83833,0
2016-09-29,0.86527,0.86754,0.84256,0
2016-09-30,0.8663,0.86754,0.84288,0
2016-10-02,0.86878,0.86878,0.84288,0
2016-10-03,0.87168,0.87168,0.84288,0
2016-10-04,0.88058,0.88058,0.84288,0
2016-10-05,0.8787,0.88058,0.84792,0
2016-10-06,0.89945,0.89945,0.84792,0
2016-10-07,0.90076,0.90076,0.84904,0
2016-10-09,0.90024,0.90076,0.85672,0
2016-10-10,0.90234,0.90234,0.85672,0
2016-10-11,0.90094,0.90234,0.85672,0
2016-10-12,0.90346,0.90346,0.85672,0
2016-10-13,0.90366,0.90366,0.85672,0
2016-10-14,0.90015,0.90366,0.85672,0
2016-10-16,0.90056,0.90366,0.8609,0
2016-10-17,0.9011,0.90366,0.8609,0
2016-10-18,0.89217,0.90366,0.8609,0
2016-10-19,0.89269,0.90366,0.8609,0
2016-10-20,0.89176,0.90366,0.8609,0
2016-10-21,0.88992,0.90366,0.86527,0
2016-10-23,0.89049,0.90366,0.8663,0
2016-10-24,0.8895,0.90366,0.86878,0
2016-10-25,0.89406,0.90366,0.87168,0
2016-10-26,0.89166,0.90366,0.8787,0
2016-10-27,0.89544,0.90366,0.8787,0
2016-10-28,0.90121,0.90366,0.8895,0
2016-10-30,0.89971,0.90366,0.8895,0
2016-10-31,0.89666,0.90366,0.8895,0
2016-11-01,0.90348,0.90366,0.8895,0
2016-11-02,0.9017,0.90366,0.8895,0
2016-11-03,0.89044,0.90366,0.8895,0
2016-11-04,0.88982,0.90366,0.8895,0
2016-11-06,0.88852,0.90348,0.88852,0
2016-11-07,0.8912,0.90348,0.88852,0
2016-11-08,0.88962,0.90348,0.88852,0
2016-11-09,0.87924,0.90348,0.87924,0
2016-11-10,0.86747,0.90348,0.86747,0
2016-11-11,0.86142,0.90348,0.86142,0
2016-11-13,0.86056,0.90348,0.86056,0
2016-11-14,0.85853,0.90348,0.85853,0
2016-11-15,0.86128,0.90348,0.85853,0
2016-11-16,0.86069,0.90348,0.85853,0
2016-11-17,0.85594,0.90348,0.85594,0
2016-11-18,0.85773,0.90348,0.85594,0
2016-11-20,0.85876,0.90348,0.85594,0
2016-11-21,0.85154,0.90348,0.85154,0
2016-11-22,0.85589,0.90348,0.85154,0
2016-11-23,0.84832,0.90348,0.84832,0
2016-11-24,0.84805,0.9017,0.84805,0
2016-11-25,0.84877,0.8912,0.84805,0
2016-11-27,0.8501,0.8912,0.84805,0
2016-11-28,0.8558,0.8912,0.84805,0
2016-11-29,0.85244,0.8912,0.84805,0
2016-11-30,0.84626,0.88962,0.84626,0
2016-12-01,0.84698,0.87924,0.84626,0
2016-12-02,0.83762,0.86747,0.83762,0
2016-12-04,0.83417,0.86142,0.83417,0
2016-12-05,0.84518,0.86128,0.83417,0
2016-12-06,0.84592,0.86128,0.83417,0
2016-12-07,0.85202,0.86128,0.83417,0
2016-12-08,0.84401,0.86069,0.83417,0
2016-12-09,0.83975,0.85876,0.83417,0
2016-12-11,0.83741,0.85876,0.83417,0
2016-12-12,0.83952,0.85876,0.83417,0
2016-12-13,0.83941,0.85589,0.83417,0
2016-12-14,0.83858,0.85589,0.83417,0
2016-12-15,0.83858,0.8558,0.83417,0
2016-12-16,0.83693,0.8558,0.83417,0
2016-12-18,0.83646,0.8558,0.83417,0
2016-12-19,0.83978,0.8558,0.83417,0
2016-12-20,0.84042,0.8558,0.83417,0
2016-12-21,0.84413,0.85244,0.83417,0
2016-12-22,0.84974,0.85202,0.83417,0
2016-12-23,0.85097,0.85202,0.83417,0
2016-12-26,0.85168,0.85202,0.83417,0
2016-12-27,0.85233,0.85233,0.83417,0
2016-12-28,0.85221,0.85233,0.83646,0
2016-12-29,0.86022,0.86022,0.83646,0
2016-12-30,0.85255,0.86022,0.83646,0
2017-01-02,0.85152,0.86022,0.83646,0
2017-01-03,0.85084,0.86022,0.83646,0
2017-01-04,0.85168,0.86022,0.83646,0
2017-01-05,0.85366,0.86022,0.83646,0
2017-01-06,0.85733,0.86022,0.83646,0
2017-01-08,0.85902,0.86022,0.83646,0
2017-01-09,0.86976,0.86976,0.83646,0
2017-01-10,0.86678,0.86976,0.83646,0
2017-01-11,0.86773,0.86976,0.83646,0
2017-01-12,0.87264,0.87264,0.83978,0
2017-01-13,0.8736,0.8736,0.84042,0
2017-01-15,0.88284,0.88284,0.84413,0
2017-01-16,0.88062,0.88284,0.84974,0
2017-01-17,0.86346,0.88284,0.85084,0
2017-01-18,0.86686,0.88284,0.85084,0
2017-01-19,0.864,0.88284,0.85084,0
2017-01-20,0.86478,0.88284,0.85084,0
2017-01-22,0.86494,0.88284,0.85084,0
2017-01-23,0.85968,0.88284,0.85084,0
2017-01-24,0.8561,0.88284,0.85084,0
2017-01-25,0.85104,0.88284,0.85084,0
2017-01-26,0.84816,0.88284,0.84816,0
2017-01-27,0.85251,0.88284,0.84816,0
2017-01-29,0.85086,0.88284,0.84816,0
2017-01-30,0.85659,0.88284,0.84816,0
2017-01-31,0.8581,0.88284,0.84816,0
2017-02-01,0.85036,0.88284,0.84816,0
2017-02-02,0.85962,0.88284,0.84816,0
2017-02-03,0.86389,0.88284,0.84816,0
2017-02-05,0.86375,0.88284,0.84816,0
2017-02-06,0.86167,0.88284,0.84816,0
2017-02-07,0.85458,0.88062,0.84816,0
2017-02-08,0.8537,0.86686,0.84816,0
2017-02-09,0.8529,0.86686,0.84816,0
2017-02-10,0.85212,0.86494,0.84816,0
2017-02-12,0.85071,0.86494,0.84816,0
2017-02-13,0.84636,0.86494,0.84636,0
2017-02-14,0.8483,0.86389,0.84636,0
2017-02-15,0.85048,0.86389,0.84636,0
2017-02-16,0.85464,0.86389,0.84636,0
2017-02-17,0.85557,0.86389,0.84636,0
2017-02-19,0.85484,0.86389,0.84636,0
2017-02-20,0.85062,0.86389,0.84636,0
2017-02-21,0.84414,0.86389,0.84414,0
2017-02-22,0.84731,0.86389,0.84414,0
2017-02-23,0.84302,0.86389,0.84302,0
2017-02-24,0.84741,0.86389,0.84302,0
2017-02-26,0.85097,0.86389,0.84302,0
2017-02-27,0.85096,0.86375,0.84302,0
2017-02-28,0.85386,0.86167,0.84302,0
2017-03-01,0.85864,0.85864,0.84302,0
2017-03-02,0.85604,0.85864,0.84302,0
2017-03-03,0.86391,0.86391,0.84302,0
2017-03-05,0.86348,0.86391,0.84302,0
2017-03-06,0.86435,0.86435,0.84302,0
2017-03-07,0.86608,0.86608,0.84302,0
2017-03-08,0.8662,0.8662,0.84302,0
2017-03-09,0.87028,0.87028,0.84302,0
2017-03-10,0.87737,0.87737,0.84302,0
2017-03-12,0.87834,0.87834,0.84302,0
2017-03-13,0.87259,0.87834,0.84302,0
2017-03-14,0.87292,0.87834,0.84302,0
2017-03-15,0.87422,0.87834,0.84302,0
2017-03-16,0.87219,0.87834,0.84302,0
2017-03-17,0.86632,0.87834,0.84302,0
2017-03-19,0.86745,0.87834,0.84741,0
2017-03-20,0.86816,0.87834,0.85096,0
2017-03-21,0.86622,0.87834,0.85096,0
2017-03-22,0.86513,0.87834,0.85386,0
2017-03-23,0.86152,0.87834,0.85604,0
2017-03-24,0.86567,0.87834,0.85604,0
2017-03-26,0.8667,0.87834,0.86152,0
2017-03-27,0.86486,0.87834,0.86152,0
2017-03-28,0.87111,0.87834,0.86152,0
2017-03-29,0.86482,0.87834,0.86152,0
2017-03-30,0.85662,0.87834,0.85662,0
2017-03-31,0.84875,0.87834,0.84875,0
2017-04-02,0.85082,0.87834,0.84875,0
2017-04-03,0.85422,0.87834,0.84875,0
2017-04-04,0.85842,0.87422,0.84875,0
2017-04-05,0.85464,0.87422,0.84875,0
2017-04-06,0.85366,0.87422,0.84875,0
2017-04-07,0.85577,0.87219,0.84875,0
2017-04-09,0.85502,0.87111,0.84875,0
2017-04-10,0.853,0.87111,0.84875,0
2017-04-11,0.84954,0.87111,0.84875,0
2017-04-12,0.8503,0.87111,0.84875,0
2017-04-13,0.84891,0.87111,0.84875,0
2017-04-14,0.84728,0.87111,0.84728,0
2017-04-16,0.84639,0.87111,0.84639,0
2017-04-17,0.84761,0.87111,0.84639,0
2017-04-18,0.83523,0.87111,0.83523,0
2017-04-19,0.83828,0.87111,0.83523,0
2017-04-20,0.83699,0.86482,0.83523,0
2017-04-21,0.83736,0.85842,0.83523,0
2017-04-23,0.84792,0.85842,0.83523,0
2017-04-24,0.85032,0.85842,0.83523,0
2017-04-25,0.85156,0.85842,0.83523,0
2017-04-26,0.84906,0.85842,0.83523,0
2017-04-27,0.84275,0.85577,0.83523,0
2017-04-28,0.84138,0.85577,0.83523,0
2017-04-30,0.84336,0.85577,0.83523,0
2017-05-01,0.84584,0.85502,0.83523,0
2017-05-02,0.84498,0.853,0.83523,0
2017-05-03,0.84584,0.85156,0.83523,0
2017-05-04,0.84954,0.85156,0.83523,0
2017-05-05,0.84731,0.85156,0.83523,0
2017-05-07,0.84554,0.85156,0.83523,0
2017-05-08,0.84434,0.85156,0.83523,0
2017-05-09,0.8407,0.85156,0.83523,0
2017-05-10,0.8405,0.85156,0.83523,0
2017-05-11,0.84296,0.85156,0.83699,0
2017-05-12,0.84818,0.85156,0.83699,0
2017-05-14,0.84816,0.85156,0.83736,0
2017-05-15,0.85101,0.85156,0.8405,0
2017-05-16,0.85886,0.85886,0.8405,0
2017-05-17,0.85994,0.85994,0.8405,0
2017-05-18,0.85764,0.85994,0.8405,0
2017-05-19,0.85968,0.85994,0.8405,0
2017-05-21,0.86111,0.86111,0.8405,0
2017-05-22,0.86492,0.86492,0.8405,0
2017-05-23,0.86283,0.86492,0.8405,0
2017-05-24,0.86536,0.86536,0.8405,0
2017-05-25,0.86698,0.86698,0.8405,0
2017-05-26,0.87298,0.87298,0.8405,0
2017-05-28,0.87216,0.87298,0.8405,0
2017-05-29,0.86847,0.87298,0.8405,0
2017-05-30,0.87227,0.87298,0.8405,0
2017-05-31,0.87288,0.87298,0.8405,0
2017-06-01,0.87012,0.87298,0.8405,0
2017-06-02,0.87522,0.87522,0.84296,0
2017-06-04,0.87642,0.87642,0.84816,0
2017-06-05,0.87224,0.87642,0.84816,0
2017-06-06,0.87326,0.87642,0.85101,0
2017-06-07,0.86828,0.87642,0.85764,0
2017-06-08,0.8793,0.8793,0.85764,0
2017-06-09,0.87852,0.8793,0.85764,0
2017-06-11,0.87902,0.8793,0.85968,0
2017-06-12,0.88383,0.88383,0.86111,0
2017-06-13,0.87924,0.88383,0.86283,0
2017-06-14,0.87918,0.88383,0.86283,0
2017-06-15,0.8737,0.88383,0.86536,0
2017-06-16,0.87613,0.88383,0.86698,0
2017-06-18,0.87706,0.88383,0.86828,0
2017-06-19,0.8754,0.88383,0.86828,0
2017-06-20,0.8816,0.88383,0.86828,0
2017-06-21,0.88102,0.88383,0.86828,0
2017-06-22,0.87943,0.88383,0.86828,0
2017-06-23,0.88008,0.88383,0.86828,0
2017-06-25,0.87876,0.88383,0.86828,0
2017-06-26,0.8789,0.88383,0.86828,0
2017-06-27,0.88482,0.88482,0.86828,0
2017-06-28,0.87934,0.88482,0.86828,0
2017-06-29,0.87938,0.88482,0.86828,0
2017-06-30,0.8771,0.88482,0.8737,0
2017-07-02,0.87765,0.88482,0.8737,0
2017-07-03,0.8783,0.88482,0.8737,0
2017-07-04,0.87816,0.88482,0.8737,0
2017-07-05,0.87748,0.88482,0.8737,0
2017-07-06,0.88076,0.88482,0.8737,0
2017-07-07,0.88479,0.88482,0.8737,0
2017-07-09,0.88464,0.88482,0.8754,0
2017-07-10,0.88476,0.88482,0.8754,0
2017-07-11,0.89231,0.89231,0.8754,0
2017-07-12,0.88568,0.89231,0.8771,0
2017-07-13,0.88088,0.89231,0.8771,0
2017-07-14,0.87543,0.89231,0.87543,0
2017-07-16,0.87525,0.89231,0.87525,0
2017-07-17,0.87908,0.89231,0.87525,0
2017-07-18,0.88586,0.89231,0.87525,0
2017-07-19,0.88474,0.89231,0.87525,0
2017-07-20,0.8969,0.8969,0.87525,0
2017-07-21,0.89756,0.89756,0.87525,0
2017-07-23,0.89822,0.89822,0.87525,0
2017-07-24,0.89346,0.89822,0.87525,0
2017-07-25,0.89386,0.89822,0.87525,0
2017-07-26,0.89456,0.89822,0.87525,0
2017-07-27,0.894,0.89822,0.87525,0
2017-07-28,0.89452,0.89822,0.87525,0
2017-07-30,0.89374,0.89822,0.87525,0
2017-07-31,0.89572,0.89822,0.87525,0
2017-08-01,0.89423,0.89822,0.87525,0
2017-08-02,0.89597,0.89822,0.87525,0
2017-08-03,0.90402,0.90402,0.87525,0
2017-08-04,0.90295,0.90402,0.87525,0
2017-08-06,0.90274,0.90402,0.87525,0
2017-08-07,0.9052,0.9052,0.87525,0
2017-08-08,0.90514,0.9052,0.87908,0
2017-08-09,0.90408,0.9052,0.88474,0
2017-08-10,0.907,0.907,0.88474,0
2017-08-11,0.90857,0.90857,0.89346,0
2017-08-13,0.90927,0.90927,0.89346,0
2017-08-14,0.90822,0.90927,0.89346,0
2017-08-15,0.9124,0.9124,0.89346,0
2017-08-16,0.9134,0.9134,0.89374,0
2017-08-17,0.91076,0.9134,0.89374,0
2017-08-18,0.91334,0.9134,0.89374,0
2017-08-20,0.91334,0.9134,0.89374,0
2017-08-21,0.91578,0.91578,0.89374,0
2017-08-22,0.91726,0.91726,0.89423,0
2017-08-23,0.92281,0.92281,0.89423,0
2017-08-24,0.92174,0.92281,0.89597,0
2017-08-25,0.92564,0.92564,0.90274,0
2017-08-27,0.9262,0.9262,0.90274,0
2017-08-28,0.92557,0.9262,0.90274,0
2017-08-29,0.92628,0.92628,0.90408,0
2017-08-30,0.92033,0.92628,0.90408,0
2017-08-31,0.9204,0.92628,0.90408,0
2017-09-01,0.91558,0.92628,0.907,0
2017-09-03,0.91654,0.92628,0.90822,0
2017-09-04,0.92028,0.92628,0.90822,0
2017-09-05,0.91437,0.92628,0.90822,0
2017-09-06,0.9142,0.92628,0.91076,0
2017-09-07,0.91782,0.92628,0.91076,0
2017-09-08,0.91199,0.92628,0.91076,0
2017-09-10,0.91058,0.92628,0.91058,0
2017-09-11,0.90804,0.92628,0.90804,0
2017-09-12,0.90086,0.92628,0.90086,0
2017-09-13,0.90012,0.92628,0.90012,0
2017-09-14,0.8898,0.92628,0.8898,0
2017-09-15,0.87906,0.92628,0.87906,0
2017-09-17,0.87927,0.92628,0.87906,0
2017-09-18,0.88494,0.92628,0.87906,0
2017-09-19,0.8874,0.92628,0.87906,0
2017-09-20,0.88022,0.92628,0.87906,0
2017-09-21,0.8796,0.9204,0.87906,0
2017-09-22,0.88501,0.9204,0.87906,0
2017-09-24,0.88312,0.92028,0.87906,0
2017-09-25,0.8797,0.92028,0.87906,0
2017-09-26,0.87673,0.92028,0.87673,0
2017-09-27,0.87694,0.91782,0.87673,0
2017-09-28,0.87725,0.91782,0.87673,0
2017-09-29,0.88198,0.91782,0.87673,0
2017-10-01,0.88164,0.91199,0.87673,0
2017-10-02,0.88386,0.91058,0.87673,0
2017-10-03,0.88716,0.90804,0.87673,0
2017-10-04,0.88842,0.90086,0.87673,0
2017-10-05,0.89332,0.90012,0.87673,0
2017-10-06,0.89782,0.89782,0.87673,0
2017-10-08,0.89754,0.89782,0.87673,0
2017-10-09,0.89344,0.89782,0.87673,0
2017-10-10,0.89432,0.89782,0.87673,0
2017-10-11,0.89616,0.89782,0.87673,0
2017-10-12,0.89198,0.89782,0.87673,0
2017-10-13,0.88985,0.89782,0.87673,0
2017-10-15,0.8891,0.89782,0.87673,0
2017-10-16,0.88992,0.89782,0.87673,0
2017-10-17,0.89233,0.89782,0.87673,0
2017-10-18,0.89272,0.89782,0.87673,0
2017-10-19,0.90092,0.90092,0.87694,0
2017-10-20,0.89314,0.90092,0.87725,0
2017-10-22,0.8911,0.90092,0.88164,0
2017-10-23,0.89032,0.90092,0.88164,0
2017-10-24,0.89566,0.90092,0.88386,0
2017-10-25,0.89055,0.90092,0.88716,0
2017-10-26,0.88638,0.90092,0.88638,0
2017-10-27,0.88427,0.90092,0.88427,0
2017-10-29,0.88364,0.90092,0.88364,0
2017-10-30,0.88177,0.90092,0.88177,0
2017-10-31,0.87671,0.90092,0.87671,0
2017-11-01,0.87723,0.90092,0.87671,0
2017-11-02,0.8932,0.90092,0.87671,0
2017-11-03,0.88782,0.90092,0.87671,0
2017-11-05,0.88802,0.90092,0.87671,0
2017-11-06,0.8814,0.90092,0.87671,0
2017-11-07,0.88077,0.90092,0.87671,0
2017-11-08,0.88424,0.90092,0.87671,0
2017-11-09,0.88614,0.90092,0.87671,0
2017-11-10,0.88436,0.90092,0.87671,0
2017-11-12,0.88879,0.89566,0.87671,0
2017-11-13,0.88906,0.89566,0.87671,0
2017-11-14,0.89614,0.89614,0.87671,0
2017-11-15,0.89446,0.89614,0.87671,0
2017-11-16,0.8923,0.89614,0.87671,0
2017-11-17,0.89207,0.89614,0.87671,0
2017-11-19,0.88901,0.89614,0.87671,0
2017-11-20,0.88637,0.89614,0.87671,0
2017-11-21,0.88636,0.89614,0.87671,0
2017-11-22,0.88731,0.89614,0.87671,0
2017-11-23,0.89062,0.89614,0.87723,0
2017-11-24,0.89451,0.89614,0.88077,0
2017-11-26,0.8952,0.89614,0.88077,0
2017-11-27,0.89364,0.89614,0.88077,0
2017-11-28,0.8866,0.89614,0.88077,0
2017-11-29,0.88345,0.89614,0.88077,0
2017-11-30,0.87938,0.89614,0.87938,0
2017-12-01,0.8827,0.89614,0.87938,0
2017-12-03,0.87888,0.89614,0.87888,0
2017-12-04,0.88086,0.89614,0.87888,0
2017-12-05,0.88194,0.89614,0.87888,0
2017-12-06,0.88148,0.89614,0.87888,0
2017-12-07,0.87314,0.8952,0.87314,0
2017-12-08,0.87956,0.8952,0.87314,0
2017-12-10,0.87882,0.8952,0.87314,0
2017-12-11,0.88228,0.8952,0.87314,0
2017-12-12,0.88159,0.8952,0.87314,0
2017-12-13,0.8827,0.8952,0.87314,0
2017-12-14,0.87656,0.8952,0.87314,0
2017-12-15,0.88182,0.8952,0.87314,0
2017-12-17,0.88192,0.8952,0.87314,0
2017-12-18,0.88076,0.8952,0.87314,0
2017-12-19,0.88432,0.89364,0.87314,0
2017-12-20,0.88837,0.88837,0.87314,0
2017-12-21,0.88598,0.88837,0.87314,0
2017-12-22,0.88775,0.88837,0.87314,0
2017-12-25,0.88767,0.88837,0.87314,0
2017-12-26,0.88658,0.88837,0.87314,0
2017-12-27,0.88788,0.88837,0.87314,0
2017-12-28,0.88838,0.88838,0.87314,0
2017-12-29,0.88852,0.88852,0.87314,0
2018-01-01,0.88902,0.88902,0.87314,0
2018-01-02,0.88726,0.88902,0.87656,0
2018-01-03,0.88898,0.88902,0.87656,0
2018-01-04,0.89042,0.89042,0.87656,0
2018-01-05,0.88668,0.89042,0.87656,0
2018-01-07,0.88667,0.89042,0.87656,0
2018-01-08,0.88208,0.89042,0.87656,0
2018-01-09,0.88162,0.89042,0.88076,0
2018-01-10,0.88486,0.89042,0.88076,0
2018-01-11,0.88936,0.89042,0.88076,0
2018-01-12,0.88879,0.89042,0.88162,0
2018-01-14,0.8879,0.89042,0.88162,0
2018-01-15,0.88925,0.89042,0.88162,0
2018-01-16,0.88934,0.89042,0.88162,0
2018-01-17,0.88108,0.89042,0.88108,0
2018-01-18,0.88063,0.89042,0.88063,0
2018-01-19,0.88199,0.89042,0.88063,0
2018-01-21,0.8823,0.89042,0.88063,0
2018-01-22,0.87646,0.89042,0.87646,0
2018-01-23,0.87842,0.89042,0.87646,0
2018-01-24,0.87146,0.89042,0.87146,0
2018-01-25,0.87572,0.89042,0.87146,0
2018-01-26,0.87782,0.89042,0.87146,0
2018-01-28,0.87846,0.88936,0.87146,0
2018-01-29,0.87978,0.88936,0.87146,0
2018-01-30,0.8766,0.88936,0.87146,0
2018-01-31,0.8745,0.88936,0.87146,0
2018-02-01,0.87694,0.88936,0.87146,0
2018-02-02,0.88218,0.88936,0.87146,0
2018-02-04,0.88205,0.88934,0.87146,0
2018-02-05,0.88688,0.88934,0.87146,0
2018-02-06,0.88702,0.88934,0.87146,0
2018-02-07,0.88408,0.88934,0.87146,0
2018-02-08,0.8798,0.88702,0.87146,0
2018-02-09,0.88596,0.88702,0.87146,0
2018-02-11,0.88633,0.88702,0.87146,0
2018-02-12,0.88822,0.88822,0.87146,0
2018-02-13,0.88975,0.88975,0.87146,0
2018-02-14,0.88962,0.88975,0.87146,0
2018-02-15,0.88646,0.88975,0.87146,0
2018-02-16,0.88428,0.88975,0.8745,0
2018-02-18,0.88461,0.88975,0.8745,0
2018-02-19,0.8862,0.88975,0.8745,0
2018-02-20,0.88113,0.88975,0.8745,0
2018-02-21,0.88285,0.88975,0.8745,0
2018-02-22,0.88349,0.88975,0.8745,0
2018-02-23,0.88019,0.88975,0.87694,0
2018-02-25,0.87974,0.88975,0.87974,0
2018-02-26,0.88191,0.88975,0.87974,0
2018-02-27,0.87926,0.88975,0.87926,0
2018-02-28,0.88636,0.88975,0.87926,0
2018-03-01,0.8908,0.8908,0.87926,0
2018-03-02,0.89243,0.89243,0.87926,0
2018-03-04,0.89292,0.89292,0.87926,0
2018-03-05,0.89082,0.89292,0.87926,0
2018-03-06,0.89327,0.89327,0.87926,0
2018-03-07,0.89272,0.89327,0.87926,0
2018-03-08,0.89155,0.89327,0.87926,0
2018-03-09,0.88845,0.89327,0.87926,0
2018-03-11,0.88834,0.89327,0.87926,0
2018-03-12,0.88735,0.89327,0.87926,0
2018-03-13,0.88702,0.89327,0.87926,0
2018-03-14,0.88586,0.89327,0.87926,0
2018-03-15,0.883,0.89327,0.87926,0
2018-03-16,0.88135,0.89327,0.87926,0
2018-03-18,0.8808,0.89327,0.87926,0
2018-03-19,0.87962,0.89327,0.87926,0
2018-03-20,0.87463,0.89327,0.87463,0
2018-03-21,0.87298,0.89327,0.87298,0
2018-03-22,0.8733,0.89327,0.87298,0
2018-03-23,0.87413,0.89327,0.87298,0
2018-03-25,0.87324,0.89327,0.87298,0
2018-03-26,0.87493,0.89327,0.87298,0
2018-03-27,0.8753,0.89327,0.87298,0
2018-03-28,0.8743,0.89327,0.87298,0
2018-03-29,0.87708,0.89272,0.87298,0
2018-03-30,0.87944,0.89155,0.87298,0
2018-04-01,0.87722,0.88845,0.87298,0
2018-04-02,0.87517,0.88834,0.87298,0
2018-04-03,0.8727,0.88735,0.8727,0
2018-04-04,0.8722,0.88702,0.8722,0
2018-04-05,0.87451,0.88586,0.8722,0
2018-04-06,0.87155,0.883,0.87155,0
2018-04-08,0.87086,0.88135,0.87086,0
2018-04-09,0.87176,0.8808,0.87086,0
2018-04-10,0.87175,0.87962,0.87086,0
2018-04-11,0.87202,0.87944,0.87086,0
2018-04-12,0.86588,0.87944,0.86588,0
2018-04-13,0.86611,0.87944,0.86588,0
2018-04-15,0.86562,0.87944,0.86562,0
2018-04-16,0.86358,0.87944,0.86358,0
2018-04-17,0.8654,0.87944,0.86358,0
2018-04-18,0.8716,0.87944,0.86358,0
2018-04-19,0.8764,0.87944,0.86358,0
2018-04-20,0.87752,0.87944,0.86358,0
2018-04-22,0.87658,0.87944,0.86358,0
2018-04-23,0.87603,0.87752,0.86358,0
2018-04-24,0.87448,0.87752,0.86358,0
2018-04-25,0.87334,0.87752,0.86358,0
2018-04-26,0.86995,0.87752,0.86358,0
2018-04-27,0.88008,0.88008,0.86358,0
2018-04-29,0.88038,0.88038,0.86358,0
2018-04-30,0.87724,0.88038,0.86358,0
2018-05-01,0.88112,0.88112,0.86358,0
2018-05-02,0.8806,0.88112,0.86358,0
2018-05-03,0.8834,0.8834,0.86358,0
2018-05-04,0.88409,0.88409,0.86358,0
2018-05-06,0.88347,0.88409,0.86358,0
2018-05-07,0.87948,0.88409,0.86358,0
2018-05-08,0.87562,0.88409,0.86358,0
2018-05-09,0.87475,0.88409,0.8654,0
2018-05-10,0.8811,0.88409,0.86995,0
2018-05-11,0.88185,0.88409,0.86995,0
2018-05-13,0.88208,0.88409,0.86995,0
2018-05-14,0.87978,0.88409,0.86995,0
2018-05-15,0.87561,0.88409,0.86995,0
2018-05-16,0.87213,0.88409,0.86995,0
2018-05-17,0.87266,0.88409,0.86995,0
2018-05-18,0.87402,0.88409,0.86995,0
2018-05-20,0.87304,0.88409,0.87213,0
2018-05-21,0.8778,0.88409,0.87213,0
2018-05-22,0.87702,0.88409,0.87213,0
2018-05-23,0.87578,0.88409,0.87213,0
2018-05-24,0.87598,0.88409,0.87213,0
2018-05-25,0.87606,0.88409,0.87213,0
2018-05-27,0.87828,0.88409,0.87213,0
2018-05-28,0.87336,0.88347,0.87213,0
2018-05-29,0.87047,0.88208,0.87047,0
2018-05-30,0.87808,0.88208,0.87047,0
2018-05-31,0.87982,0.88208,0.87047,0
2018-06-01,0.87341,0.88208,0.87047,0
2018-06-03,0.87374,0.88208,0.87047,0
2018-06-04,0.87866,0.88208,0.87047,0
2018-06-05,0.87467,0.87982,0.87047,0
2018-06-06,0.8779,0.87982,0.87047,0
2018-06-07,0.87902,0.87982,0.87047,0
2018-06-08,0.87774,0.87982,0.87047,0
2018-06-10,0.87858,0.87982,0.87047,0
2018-06-11,0.88042,0.88042,0.87047,0
2018-06-12,0.87842,0.88042,0.87047,0
2018-06-13,0.88206,0.88206,0.87047,0
2018-06-14,0.87239,0.88206,0.87047,0
2018-06-15,0.87397,0.88206,0.87047,0
2018-06-17,0.87326,0.88206,0.87047,0
2018-06-18,0.8772,0.88206,0.87047,0
2018-06-19,0.87964,0.88206,0.87047,0
2018-06-20,0.87896,0.88206,0.87047,0
2018-06-21,0.87612,0.88206,0.87239,0
2018-06-22,0.8789,0.88206,0.87239,0
2018-06-24,0.87926,0.88206,0.87239,0
2018-06-25,0.88126,0.88206,0.87239,0
2018-06-26,0.88116,0.88206,0.87239,0
2018-06-27,0.88136,0.88206,0.87239,0
2018-06-28,0.8844,0.8844,0.87239,0
2018-06-29,0.88471,0.88471,0.87239,0
2018-07-01,0.8842,0.88471,0.87239,0
2018-07-02,0.88578,0.88578,0.87239,0
2018-07-03,0.88364,0.88578,0.87239,0
2018-07-04,0.88148,0.88578,0.87239,0
2018-07-05,0.8843,0.88578,0.87239,0
2018-07-06,0.884,0.88578,0.87239,0
2018-07-08,0.88392,0.88578,0.87326,0
2018-07-09,0.88696,0.88696,0.87326,0
2018-07-10,0.88457,0.88696,0.87612,0
2018-07-11,0.88405,0.88696,0.87612,0
2018-07-12,0.88506,0.88696,0.87612,0
2018-07-13,0.88309,0.88696,0.87612,0
2018-07-15,0.88295,0.88696,0.8789,0
2018-07-16,0.88464,0.88696,0.87926,0
2018-07-17,0.88922,0.88922,0.88116,0
2018-07-18,0.89047,0.89047,0.88116,0
2018-07-19,0.89492,0.89492,0.88136,0
2018-07-20,0.89255,0.89492,0.88148,0
2018-07-22,0.89308,0.89492,0.88148,0
2018-07-23,0.89242,0.89492,0.88148,0
2018-07-24,0.88859,0.89492,0.88148,0
2018-07-25,0.88926,0.89492,0.88148,0
2018-07-26,0.88826,0.89492,0.88148,0
2018-07-27,0.8893,0.89492,0.88295,0
2018-07-29,0.88932,0.89492,0.88295,0
2018-07-30,0.89126,0.89492,0.88295,0
2018-07-31,0.89102,0.89492,0.88295,0
2018-08-01,0.88863,0.89492,0.88295,0
2018-08-02,0.89006,0.89492,0.88295,0
2018-08-03,0.88966,0.89492,0.88295,0
2018-08-05,0.88922,0.89492,0.88295,0
2018-08-06,0.89294,0.89492,0.88295,0
2018-08-07,0.8963,0.8963,0.88464,0
2018-08-08,0.9015,0.9015,0.88826,0
2018-08-09,0.89833,0.9015,0.88826,0
2018-08-10,0.89352,0.9015,0.88826,0
2018-08-12,0.89305,0.9015,0.88826,0
2018-08-13,0.89354,0.9015,0.88826,0
2018-08-14,0.89218,0.9015,0.88826,0
2018-08-15,0.89356,0.9015,0.88826,0
2018-08-16,0.89452,0.9015,0.88826,0
2018-08-17,0.89728,0.9015,0.88826,0
2018-08-19,0.89731,0.9015,0.88863,0
2018-08-20,0.89751,0.9015,0.88863,0
2018-08-21,0.89699,0.9015,0.88863,0
2018-08-22,0.8978,0.9015,0.88863,0
2018-08-23,0.90108,0.9015,0.88863,0
2018-08-24,0.9045,0.9045,0.88922,0
2018-08-26,0.90566,0.90566,0.88922,0
2018-08-27,0.90591,0.90591,0.88922,0
2018-08-28,0.90864,0.90864,0.89218,0
2018-08-29,0.89826,0.90864,0.89218,0
2018-08-30,0.89661,0.90864,0.89218,0
2018-08-31,0.89545,0.90864,0.89218,0
2018-09-02,0.89758,0.90864,0.89218,0
2018-09-03,0.90252,0.90864,0.89218,0
2018-09-04,0.90118,0.90864,0.89218,0
2018-09-05,0.9009,0.90864,0.89218,0
2018-09-06,0.89906,0.90864,0.89356,0
2018-09-07,0.89425,0.90864,0.89425,0
2018-09-09,0.89417,0.90864,0.89417,0
2018-09-10,0.88994,0.90864,0.88994,0
2018-09-11,0.89088,0.90864,0.88994,0
2018-09-12,0.89122,0.90864,0.88994,0
2018-09-13,0.89178,0.90864,0.88994,0
2018-09-14,0.8894,0.90864,0.8894,0
2018-09-16,0.88926,0.90864,0.88926,0
2018-09-17,0.88766,0.90864,0.88766,0
2018-09-18,0.88691,0.90864,0.88691,0
2018-09-19,0.88842,0.90864,0.88691,0
2018-09-20,0.88738,0.90252,0.88691,0
2018-09-21,0.89831,0.90252,0.88691,0
2018-09-23,0.89824,0.90252,0.88691,0
2018-09-24,0.89602,0.90252,0.88691,0
2018-09-25,0.89252,0.90252,0.88691,0
2018-09-26,0.89192,0.90118,0.88691,0
2018-09-27,0.88988,0.9009,0.88691,0
2018-09-28,0.89057,0.89906,0.88691,0
2018-09-30,0.89006,0.89831,0.88691,0
2018-10-01,0.88759,0.89831,0.88691,0
2018-10-02,0.8899,0.89831,0.88691,0
2018-10-03,0.88688,0.89831,0.88688,0
2018-10-04,0.88442,0.89831,0.88442,0
2018-10-05,0.87818,0.89831,0.87818,0
2018-10-07,0.87788,0.89831,0.87788,0
2018-10-08,0.87789,0.89831,0.87788,0
2018-10-09,0.87446,0.89831,0.87446,0
2018-10-10,0.8734,0.89831,0.8734,0
2018-10-11,0.87582,0.89831,0.8734,0
2018-10-12,0.879,0.89831,0.8734,0
2018-10-14,0.88154,0.89831,0.8734,0
2018-10-15,0.88056,0.89824,0.8734,0
2018-10-16,0.87784,0.89602,0.8734,0
2018-10-17,0.87788,0.89252,0.8734,0
2018-10-18,0.87984,0.89192,0.8734,0
2018-10-19,0.88128,0.89057,0.8734,0
2018-10-21,0.88092,0.89057,0.8734,0
2018-10-22,0.88426,0.89006,0.8734,0
2018-10-23,0.88376,0.8899,0.8734,0
2018-10-24,0.88474,0.8899,0.8734,0
2018-10-25,0.88728,0.88728,0.8734,0
2018-10-26,0.88876,0.88876,0.8734,0
2018-10-28,0.88836,0.88876,0.8734,0
2018-10-29,0.8886,0.88876,0.8734,0
2018-10-30,0.8928,0.8928,0.8734,0
2018-10-31,0.88622,0.8928,0.8734,0
2018-11-01,0.87694,0.8928,0.8734,0
2018-11-02,0.87806,0.8928,0.87582,0
2018-11-04,0.87632,0.8928,0.87632,0
2018-11-05,0.8737,0.8928,0.8737,0
2018-11-06,0.87249,0.8928,0.87249,0
2018-11-07,0.87094,0.8928,0.87094,0
2018-11-08,0.87002,0.8928,0.87002,0
2018-11-09,0.87372,0.8928,0.87002,0
2018-11-11,0.87527,0.8928,0.87002,0
2018-11-12,0.8731,0.8928,0.87002,0
2018-11-13,0.86912,0.8928,0.86912,0
2018-11-14,0.87124,0.8928,0.86912,0
2018-11-15,0.88711,0.8928,0.86912,0
2018-11-16,0.89006,0.8928,0.86912,0
2018-11-18,0.88934,0.8928,0.86912,0
2018-11-19,0.89092,0.8928,0.86912,0
2018-11-20,0.8893,0.8928,0.86912,0
2018-11-21,0.89137,0.8928,0.86912,0
2018-11-22,0.88556,0.89137,0.86912,0
2018-11-23,0.88472,0.89137,0.86912,0
2018-11-25,0.88482,0.89137,0.86912,0
2018-11-26,0.8845,0.89137,0.86912,0
2018-11-27,0.88661,0.89137,0.86912,0
2018-11-28,0.88654,0.89137,0.86912,0
2018-11-29,0.89106,0.89137,0.86912,0
2018-11-30,0.88768,0.89137,0.86912,0
2018-12-02,0.88946,0.89137,0.86912,0
2018-12-03,0.8923,0.8923,0.86912,0
2018-12-04,0.89178,0.8923,0.86912,0
2018-12-05,0.89192,0.8923,0.86912,0
2018-12-06,0.8901,0.8923,0.87124,0
2018-12-07,0.89458,0.89458,0.8845,0
2018-12-09,0.89624,0.89624,0.8845,0
2018-12-10,0.90412,0.90412,0.8845,0
2018-12-11,0.90628,0.90628,0.8845,0
2018-12-12,0.90084,0.90628,0.8845,0
2018-12-13,0.898,0.90628,0.8845,0
2018-12-14,0.89824,0.90628,0.8845,0
2018-12-16,0.89837,0.90628,0.8845,0
2018-12-17,0.89969,0.90628,0.8845,0
2018-12-18,0.89898,0.90628,0.8845,0
2018-12-19,0.90182,0.90628,0.88654,0
2018-12-20,0.9043,0.90628,0.88654,0
2018-12-21,0.89958,0.90628,0.88768,0
2018-12-23,0.89898,0.90628,0.88768,0
2018-12-24,0.89696,0.90628,0.88946,0
2018-12-25,0.8992,0.90628,0.8901,0
2018-12-26,0.89828,0.90628,0.8901,0
2018-12-27,0.90396,0.90628,0.8901,0
2018-12-28,0.90114,0.90628,0.8901,0
2018-12-30,0.90144,0.90628,0.89458,0
2018-12-31,0.89866,0.90628,0.89624,0
2019-01-01,0.89868,0.90628,0.89696,0
2019-01-02,0.90388,0.90628,0.89696,0
2019-01-03,0.90199,0.9043,0.89696,0
2019-01-04,0.89532,0.9043,0.89532,0
2019-01-06,0.89616,0.9043,0.89532,0
2019-01-07,0.89782,0.9043,0.89532,0
2019-01-08,0.89938,0.9043,0.89532,0
2019-01-09,0.90275,0.9043,0.89532,0
2019-01-10,0.90236,0.9043,0.89532,0
2019-01-11,0.89304,0.9043,0.89304,0
2019-01-13,0.89198,0.90396,0.89198,0
2019-01-14,0.8911,0.90396,0.8911,0
2019-01-15,0.88678,0.90396,0.88678,0
2019-01-16,0.8845,0.90396,0.8845,0
2019-01-17,0.87747,0.90396,0.87747,0
2019-01-18,0.88266,0.90396,0.87747,0
2019-01-20,0.88435,0.90388,0.87747,0
2019-01-21,0.88196,0.90388,0.87747,0
2019-01-22,0.87707,0.90388,0.87707,0
2019-01-23,0.87032,0.90388,0.87032,0
2019-01-24,0.86225,0.90388,0.86225,0
2019-01-25,0.86426,0.90275,0.86225,0
2019-01-27,0.86406,0.90275,0.86225,0
2019-01-28,0.86854,0.90275,0.86225,0
2019-01-29,0.87425,0.90275,0.86225,0
2019-01-30,0.87565,0.90275,0.86225,0
2019-01-31,0.87332,0.90275,0.86225,0
2019-02-01,0.87562,0.90236,0.86225,0
2019-02-03,0.87592,0.89304,0.86225,0
2019-02-04,0.87781,0.89198,0.86225,0
2019-02-05,0.88052,0.8911,0.86225,0
2019-02-06,0.87877,0.88678,0.86225,0
2019-02-07,0.87564,0.8845,0.86225,0
2019-02-08,0.87462,0.88435,0.86225,0
2019-02-10,0.87534,0.88435,0.86225,0
2019-02-11,0.87678,0.88435,0.86225,0
2019-02-12,0.8792,0.88196,0.86225,0
2019-02-13,0.8763,0.88052,0.86225,0
2019-02-14,0.88251,0.88251,0.86225,0
2019-02-15,0.87622,0.88251,0.86225,0
2019-02-17,0.87526,0.88251,0.86406,0
2019-02-18,0.87532,0.88251,0.86406,0
2019-02-19,0.86832,0.88251,0.86832,0
2019-02-20,0.86985,0.88251,0.86832,0
2019-02-21,0.8696,0.88251,0.86832,0
2019-02-22,0.86802,0.88251,0.86802,0
2019-02-24,0.86814,0.88251,0.86802,0
2019-02-25,0.86577,0.88251,0.86577,0
2019-02-26,0.85928,0.88251,0.85928,0
2019-02-27,0.85448,0.88251,0.85448,0
2019-02-28,0.85743,0.88251,0.85448,0
2019-03-01,0.86054,0.88251,0.85448,0
2019-03-03,0.85934,0.88251,0.85448,0
2019-03-04,0.86024,0.88251,0.85448,0
2019-03-05,0.8594,0.88251,0.85448,0
2019-03-06,0.85832,0.88251,0.85448,0
2019-03-07,0.85544,0.88251,0.85448,0
2019-03-08,0.86312,0.88251,0.85448,0
2019-03-10,0.865,0.87622,0.85448,0
2019-03-11,0.85005,0.87532,0.85005,0
2019-03-12,0.86394,0.87532,0.85005,0
2019-03-13,0.85273,0.86985,0.85005,0
2019-03-14,0.85284,0.86985,0.85005,0
2019-03-15,0.852,0.8696,0.85005,0
2019-03-17,0.85129,0.86814,0.85005,0
2019-03-18,0.85463,0.86814,0.85005,0
2019-03-19,0.85566,0.86577,0.85005,0
2019-03-20,0.86546,0.86546,0.85005,0
2019-03-21,0.86628,0.86628,0.85005,0
2019-03-22,0.85562,0.86628,0.85005,0
2019-03-24,0.85539,0.86628,0.85005,0
2019-03-25,0.85642,0.86628,0.85005,0
2019-03-26,0.85344,0.86628,0.85005,0
2019-03-27,0.85554,0.86628,0.85005,0
2019-03-28,0.86029,0.86628,0.85005,0
2019-03-29,0.86064,0.86628,0.85005,0
2019-03-31,0.86194,0.86628,0.85005,0
2019-04-01,0.85748,0.86628,0.85005,0
2019-04-02,0.85348,0.86628,0.85005,0
2019-04-03,0.85344,0.86628,0.85129,0
2019-04-04,0.85842,0.86628,0.85129,0
2019-04-05,0.86042,0.86628,0.85129,0
2019-04-07,0.8604,0.86628,0.85129,0
2019-04-08,0.86175,0.86628,0.85129,0
2019-04-09,0.86294,0.86628,0.85344,0
2019-04-10,0.86093,0.86628,0.85344,0
2019-04-11,0.86253,0.86628,0.85344,0
2019-04-12,0.86418,0.86628,0.85344,0
2019-04-14,0.86392,0.86418,0.85344,0
2019-04-15,0.86297,0.86418,0.85344,0
2019-04-16,0.86512,0.86512,0.85344,0
2019-04-17,0.86642,0.86642,0.85344,0
2019-04-18,0.86473,0.86642,0.85344,0
2019-04-19,0.86504,0.86642,0.85344,0
2019-04-21,0.86546,0.86642,0.85344,0
2019-04-22,0.8673,0.8673,0.85344,0
2019-04-23,0.86752,0.86752,0.85344,0
2019-04-24,0.86439,0.86752,0.85344,0
2019-04-25,0.8636,0.86752,0.85344,0
2019-04-26,0.86304,0.86752,0.85842,0
2019-04-28,0.86296,0.86752,0.8604,0
2019-04-29,0.86488,0.86752,0.8604,0
2019-04-30,0.86012,0.86752,0.86012,0
2019-05-01,0.85828,0.86752,0.85828,0
2019-05-02,0.8574,0.86752,0.8574,0
2019-05-03,0.85022,0.86752,0.85022,0
2019-05-05,0.85052,0.86752,0.85022,0
2019-05-06,0.85522,0.86752,0.85022,0
2019-05-07,0.85628,0.86752,0.85022,0
2019-05-08,0.86086,0.86752,0.85022,0
2019-05-09,0.86238,0.86752,0.85022,0
2019-05-10,0.86402,0.86752,0.85022,0
2019-05-12,0.86376,0.86752,0.85022,0
2019-05-13,0.86644,0.86752,0.85022,0
2019-05-14,0.86804,0.86804,0.85022,0
2019-05-15,0.87236,0.87236,0.85022,0
2019-05-16,0.87312,0.87312,0.85022,0
2019-05-17,0.87722,0.87722,0.85022,0
2019-05-19,0.877,0.87722,0.85022,0
2019-05-20,0.87738,0.87738,0.85022,0
2019-05-21,0.87858,0.87858,0.85022,0
2019-05-22,0.8809,0.8809,0.85022,0
2019-05-23,0.88329,0.88329,0.85022,0
2019-05-24,0.88142,0.88329,0.85022,0
2019-05-26,0.88086,0.88329,0.85022,0
2019-05-27,0.88271,0.88329,0.85052,0
2019-05-28,0.88226,0.88329,0.85522,0
2019-05-29,0.88183,0.88329,0.85628,0
2019-05-30,0.88286,0.88329,0.86086,0
2019-05-31,0.88418,0.88418,0.86238,0
2019-06-02,0.88405,0.88418,0.86376,0
2019-06-03,0.88806,0.88806,0.86376,0
2019-06-04,0.88592,0.88806,0.86644,0
2019-06-05,0.88499,0.88806,0.86804,0
2019-06-06,0.8882,0.8882,0.87236,0
2019-06-07,0.88986,0.88986,0.87312,0
2019-06-09,0.88971,0.88986,0.877,0
2019-06-10,0.89186,0.89186,0.877,0
2019-06-11,0.89038,0.89186,0.87738,0
2019-06-12,0.8897,0.89186,0.87858,0
2019-06-13,0.88961,0.89186,0.88086,0
2019-06-14,0.89044,0.89186,0.88086,0
2019-06-16,0.89057,0.89186,0.88086,0
2019-06-17,0.89502,0.89502,0.88086,0
2019-06-18,0.89115,0.89502,0.88183,0
2019-06-19,0.888,0.89502,0.88183,0
2019-06-20,0.88882,0.89502,0.88183,0
2019-06-21,0.89216,0.89502,0.88286,0
2019-06-23,0.89282,0.89502,0.88405,0
2019-06-24,0.89486,0.89502,0.88405,0
2019-06-25,0.8958,0.8958,0.88499,0
2019-06-26,0.8959,0.8959,0.88499,0
2019-06-27,0.89722,0.89722,0.88499,0
2019-06-28,0.89554,0.89722,0.888,0
2019-06-30,0.89496,0.89722,0.888,0
2019-07-01,0.89265,0.89722,0.888,0
2019-07-02,0.89624,0.89722,0.888,0
2019-07-03,0.89706,0.89722,0.888,0
2019-07-04,0.8969,0.89722,0.888,0
2019-07-05,0.89616,0.89722,0.888,0
2019-07-07,0.89639,0.89722,0.888,0
2019-07-08,0.89612,0.89722,0.888,0
2019-07-09,0.8994,0.8994,0.888,0
2019-07-10,0.90022,0.90022,0.888,0
2019-07-11,0.89847,0.90022,0.888,0
2019-07-12,0.89622,0.90022,0.88882,0
2019-07-14,0.8966,0.90022,0.89216,0
2019-07-15,0.89962,0.90022,0.89265,0
2019-07-16,0.90347,0.90347,0.89265,0
2019-07-17,0.90292,0.90347,0.89265,0
2019-07-18,0.89782,0.90347,0.89265,0
2019-07-19,0.89736,0.90347,0.89265,0
2019-07-21,0.89659,0.90347,0.89265,0
2019-07-22,0.89834,0.90347,0.89265,0
2019-07-23,0.89657,0.90347,0.89265,0
2019-07-24,0.89241,0.90347,0.89241,0
2019-07-25,0.89498,0.90347,0.89241,0
2019-07-26,0.89866,0.90347,0.89241,0
2019-07-28,0.8993,0.90347,0.89241,0
2019-07-29,0.91206,0.91206,0.89241,0
2019-07-30,0.9177,0.9177,0.89241,0
2019-07-31,0.91102,0.9177,0.89241,0
2019-08-01,0.91383,0.9177,0.89241,0
2019-08-02,0.91378,0.9177,0.89241,0
2019-08-04,0.91419,0.9177,0.89241,0
2019-08-05,0.92475,0.92475,0.89241,0
2019-08-06,0.92072,0.92475,0.89241,0
2019-08-07,0.92288,0.92475,0.89241,0
2019-08-08,0.92123,0.92475,0.89241,0
2019-08-09,0.93124,0.93124,0.89241,0
2019-08-11,0.93242,0.93242,0.89241,0
2019-08-12,0.92866,0.93242,0.89241,0
2019-08-13,0.92652,0.93242,0.89241,0
2019-08-14,0.92394,0.93242,0.89241,0
2019-08-15,0.91891,0.93242,0.89241,0
2019-08-16,0.91306,0.93242,0.89498,0
2019-08-18,0.91229,0.93242,0.89866,0
2019-08-19,0.91372,0.93242,0.8993,0
2019-08-20,0.91243,0.93242,0.91102,0
2019-08-21,0.9142,0.93242,0.91102,0
2019-08-22,0.90472,0.93242,0.90472,0
2019-08-23,0.90688,0.93242,0.90472,0
2019-08-25,0.90886,0.93242,0.90472,0
2019-08-26,0.90832,0.93242,0.90472,0
2019-08-27,0.90302,0.93242,0.90302,0
2019-08-28,0.90732,0.93242,0.90302,0
2019-08-29,0.90768,0.93242,0.90302,0
2019-08-30,0.9037,0.93242,0.90302,0
2019-09-01,0.90394,0.93242,0.90302,0
2019-09-02,0.90876,0.93242,0.90302,0
2019-09-03,0.90754,0.92866,0.90302,0
2019-09-04,0.90104,0.92652,0.90104,0
2019-09-05,0.89527,0.92394,0.89527,0
2019-09-06,0.89728,0.91891,0.89527,0
2019-09-08,0.8971,0.9142,0.89527,0
2019-09-09,0.89483,0.9142,0.89483,0
2019-09-10,0.8942,0.9142,0.8942,0
2019-09-11,0.8929,0.9142,0.8929,0
2019-09-12,0.89676,0.9142,0.8929,0
2019-09-13,0.8859,0.90886,0.8859,0
2019-09-15,0.8869,0.90886,0.8859,0
2019-09-16,0.88552,0.90886,0.88552,0
2019-09-17,0.8858,0.90876,0.88552,0
2019-09-18,0.8845,0.90876,0.8845,0
2019-09-19,0.88192,0.90876,0.88192,0
2019-09-20,0.88338,0.90876,0.88192,0
2019-09-22,0.88362,0.90876,0.88192,0
2019-09-23,0.88424,0.90876,0.88192,0
2019-09-24,0.88214,0.90876,0.88192,0
2019-09-25,0.88614,0.90754,0.88192,0
2019-09-26,0.88593,0.90104,0.88192,0
2019-09-27,0.89016,0.89728,0.88192,0
2019-09-29,0.89014,0.89728,0.88192,0
2019-09-30,0.88688,0.8971,0.88192,0
2019-10-01,0.88956,0.89676,0.88192,0
2019-10-02,0.89079,0.89676,0.88192,0
2019-10-03,0.88923,0.89676,0.88192,0
2019-10-04,0.89046,0.89676,0.88192,0
2019-10-06,0.89045,0.89079,0.88192,0
2019-10-07,0.8929,0.8929,0.88192,0
2019-10-08,0.8969,0.8969,0.88192,0
2019-10-09,0.89949,0.89949,0.88192,0
2019-10-10,0.88578,0.89949,0.88192,0
2019-10-11,0.87246,0.89949,0.87246,0
2019-10-13,0.8741,0.89949,0.87246,0
2019-10-14,0.87442,0.89949,0.87246,0
2019-10-15,0.86478,0.89949,0.86478,0
2019-10-16,0.86384,0.89949,0.86384,0
2019-10-17,0.86474,0.89949,0.86384,0
2019-10-18,0.8626,0.89949,0.8626,0
2019-10-20,0.8626,0.89949,0.8626,0
2019-10-21,0.85968,0.89949,0.85968,0
2019-10-22,0.86382,0.89949,0.85968,0
2019-10-23,0.86155,0.89949,0.85968,0
2019-10-24,0.8648,0.89949,0.85968,0
2019-10-25,0.86374,0.89949,0.85968,0
2019-10-27,0.86407,0.89949,0.85968,0
2019-10-28,0.86328,0.89949,0.85968,0
2019-10-29,0.86374,0.89949,0.85968,0
2019-10-30,0.8644,0.89949,0.85968,0
2019-10-31,0.86222,0.89949,0.85968,0
2019-11-01,0.86286,0.88578,0.85968,0
2019-11-03,0.86312,0.87442,0.85968,0
2019-11-04,0.86337,0.87442,0.85968,0
2019-11-05,0.85974,0.87442,0.85968,0
2019-11-06,0.86113,0.8648,0.85968,0
2019-11-07,0.8621,0.8648,0.85968,0
2019-11-08,0.86248,0.8648,0.85968,0
2019-11-10,0.86146,0.8648,0.85968,0
2019-11-11,0.85845,0.8648,0.85845,0
2019-11-12,0.8569,0.8648,0.8569,0
2019-11-13,0.85654,0.8648,0.85654,0
2019-11-14,0.85544,0.8648,0.85544,0
2019-11-15,0.85662,0.8648,0.85544,0
2019-11-17,0.8556,0.8644,0.85544,0
2019-11-18,0.85504,0.8644,0.85504,0
2019-11-19,0.85685,0.8644,0.85504,0
2019-11-20,0.85704,0.8644,0.85504,0
2019-11-21,0.85653,0.8644,0.85504,0
2019-11-22,0.85868,0.86337,0.85504,0
2019-11-24,0.85768,0.86337,0.85504,0
2019-11-25,0.85375,0.86337,0.85375,0
2019-11-26,0.85706,0.86337,0.85375,0
2019-11-27,0.85114,0.86248,0.85114,0
2019-11-28,0.8528,0.86248,0.85114,0
2019-11-29,0.85182,0.86248,0.85114,0
2019-12-01,0.85333,0.86248,0.85114,0
2019-12-02,0.85595,0.86146,0.85114,0
2019-12-03,0.85265,0.85868,0.85114,0
2019-12-04,0.84539,0.85868,0.84539,0
2019-12-05,0.8439,0.85868,0.8439,0
2019-12-06,0.84187,0.85868,0.84187,0
2019-12-08,0.84165,0.85868,0.84165,0
2019-12-09,0.84166,0.85868,0.84165,0
2019-12-10,0.84484,0.85868,0.84165,0
2019-12-11,0.8434,0.85868,0.84165,0
2019-12-12,0.83005,0.85868,0.83005,0
2019-12-13,0.83404,0.85868,0.83005,0
2019-12-15,0.83306,0.85868,0.83005,0
2019-12-16,0.83932,0.85768,0.83005,0
2019-12-17,0.8498,0.85706,0.83005,0
2019-12-18,0.8495,0.85706,0.83005,0
2019-12-19,0.8545,0.85595,0.83005,0
2019-12-20,0.85191,0.85595,0.83005,0
2019-12-22,0.85198,0.85595,0.83005,0
2019-12-23,0.85697,0.85697,0.83005,0
2019-12-24,0.85652,0.85697,0.83005,0
2019-12-25,0.85538,0.85697,0.83005,0
2019-12-26,0.85386,0.85697,0.83005,0
2019-12-27,0.85404,0.85697,0.83005,0
2019-12-29,0.85416,0.85697,0.83005,0
2019-12-30,0.85429,0.85697,0.83005,0
2019-12-31,0.84549,0.85697,0.83005,0
2020-01-01,0.8467,0.85697,0.83005,0
2020-01-02,0.84968,0.85697,0.83005,0
2020-01-03,0.85304,0.85697,0.83005,0
2020-01-05,0.85342,0.85697,0.83306,0
2020-01-06,0.84995,0.85697,0.83306,0
2020-01-07,0.85056,0.85697,0.83932,0
2020-01-08,0.84795,0.85697,0.84549,0
2020-01-09,0.85002,0.85697,0.84549,0
2020-01-10,0.8513,0.85697,0.84549,0
2020-01-12,0.85224,0.85697,0.84549,0
2020-01-13,0.85739,0.85739,0.84549,0
2020-01-14,0.85456,0.85739,0.84549,0
2020-01-15,0.85522,0.85739,0.84549,0
2020-01-16,0.85165,0.85739,0.84549,0
2020-01-17,0.85251,0.85739,0.84549,0
2020-01-19,0.85304,0.85739,0.84549,0
2020-01-20,0.8533,0.85739,0.84549,0
2020-01-21,0.8497,0.85739,0.84549,0
2020-01-22,0.84416,0.85739,0.84416,0
2020-01-23,0.8427,0.85739,0.8427,0
2020-01-24,0.84338,0.85739,0.8427,0
2020-01-26,0.84407,0.85739,0.8427,0
2020-01-27,0.84378,0.85739,0.8427,0
2020-01-28,0.84633,0.85739,0.8427,0
2020-01-29,0.84582,0.85739,0.8427,0
2020-01-30,0.84282,0.85739,0.8427,0
2020-01-31,0.84015,0.85739,0.84015,0
2020-02-02,0.84126,0.85739,0.84015,0
2020-02-03,0.85114,0.85739,0.84015,0
2020-02-04,0.84758,0.85739,0.84015,0
2020-02-05,0.84648,0.85522,0.84015,0
2020-02-06,0.84924,0.85522,0.84015,0
2020-02-07,0.84935,0.8533,0.84015,0
2020-02-09,0.84945,0.8533,0.84015,0
2020-02-10,0.84472,0.8533,0.84015,0
2020-02-11,0.84275,0.8533,0.84015,0
2020-02-12,0.8393,0.85114,0.8393,0
2020-02-13,0.83104,0.85114,0.83104,0
2020-02-14,0.83022,0.85114,0.83022,0
2020-02-16,0.83064,0.85114,0.83022,0
2020-02-17,0.83322,0.85114,0.83022,0
2020-02-18,0.83039,0.85114,0.83022,0
2020-02-19,0.8363,0.85114,0.83022,0
2020-02-20,0.83748,0.85114,0.83022,0
2020-02-21,0.83715,0.85114,0.83022,0
2020-02-23,0.83684,0.85114,0.83022,0
2020-02-24,0.83938,0.85114,0.83022,0
2020-02-25,0.83672,0.85114,0.83022,0
2020-02-26,0.84348,0.84945,0.83022,0
2020-02-27,0.85325,0.85325,0.83022,0
2020-02-28,0.86031,0.86031,0.83022,0
2020-03-01,0.86312,0.86312,0.83022,0
2020-03-02,0.8729,0.8729,0.83022,0
2020-03-03,0.87182,0.8729,0.83022,0
2020-03-04,0.86534,0.8729,0.83022,0
2020-03-05,0.86663,0.8729,0.83022,0
2020-03-06,0.86493,0.8729,0.83022,0
2020-03-08,0.86954,0.8729,0.83022,0
2020-03-09,0.87198,0.8729,0.83039,0
2020-03-10,0.8767,0.8767,0.83039,0
2020-03-11,0.8786,0.8786,0.83039,0
2020-03-12,0.88944,0.88944,0.8363,0
2020-03-13,0.90435,0.90435,0.83672,0
2020-03-15,0.89984,0.90435,0.83672,0
2020-03-16,0.91005,0.91005,0.83672,0
2020-03-17,0.90916,0.91005,0.83672,0
2020-03-18,0.94274,0.94274,0.83672,0
2020-03-19,0.92721,0.94274,0.84348,0
2020-03-20,0.91857,0.94274,0.85325,0
2020-03-22,0.91988,0.94274,0.86031,0
2020-03-23,0.92816,0.94274,0.86312,0
2020-03-24,0.9159,0.94274,0.86493,0
2020-03-25,0.91899,0.94274,0.86493,0
2020-03-26,0.90612,0.94274,0.86493,0
2020-03-27,0.89416,0.94274,0.86493,0
2020-03-29,0.89443,0.94274,0.86493,0
2020-03-30,0.89162,0.94274,0.86954,0
2020-03-31,0.88879,0.94274,0.87198,0
2020-04-01,0.88457,0.94274,0.8767,0
2020-04-02,0.87526,0.94274,0.87526,0
2020-04-03,0.8804,0.94274,0.87526,0
2020-04-05,0.88444,0.94274,0.87526,0
2020-04-06,0.8829,0.94274,0.87526,0
2020-04-07,0.883,0.94274,0.87526,0
2020-04-08,0.87646,0.94274,0.87526,0
2020-04-09,0.87712,0.94274,0.87526,0
2020-04-10,0.87791,0.92816,0.87526,0
2020-04-12,0.87736,0.92816,0.87526,0
2020-04-13,0.8721,0.92816,0.8721,0
2020-04-14,0.86997,0.92816,0.86997,0
2020-04-15,0.87098,0.91899,0.86997,0
2020-04-16,0.86954,0.91899,0.86954,0
2020-04-17,0.86958,0.90612,0.86954,0
2020-04-19,0.87016,0.89443,0.86954,0
2020-04-20,0.87326,0.89443,0.86954,0
2020-04-21,0.88252,0.89162,0.86954,0
2020-04-22,0.87698,0.88879,0.86954,0
2020-04-23,0.87229,0.88457,0.86954,0
2020-04-24,0.87527,0.88444,0.86954,0
2020-04-26,0.875,0.88444,0.86954,0
2020-04-27,0.87141,0.88444,0.86954,0
2020-04-28,0.87116,0.883,0.86954,0
2020-04-29,0.87226,0.883,0.86954,0
2020-04-30,0.86996,0.88252,0.86954,0
2020-05-01,0.87887,0.88252,0.86954,0
2020-05-03,0.88,0.88252,0.86954,0
2020-05-04,0.87613,0.88252,0.86954,0
2020-05-05,0.87104,0.88252,0.86954,0
2020-05-06,0.87619,0.88252,0.86954,0
2020-05-07,0.87574,0.88252,0.86954,0
2020-05-08,0.87371,0.88252,0.86954,0
2020-05-10,0.87286,0.88252,0.86958,0
2020-05-11,0.87656,0.88252,0.86996,0
2020-05-12,0.88521,0.88521,0.86996,0
2020-05-13,0.88418,0.88521,0.86996,0
2020-05-14,0.88334,0.88521,0.86996,0
2020-05-15,0.89386,0.89386,0.86996,0
2020-05-17,0.89518,0.89518,0.86996,0
2020-05-18,0.8946,0.89518,0.86996,0
2020-05-19,0.8915,0.89518,0.86996,0
2020-05-20,0.89728,0.89728,0.86996,0
2020-05-21,0.89586,0.89728,0.86996,0
2020-05-22,0.89604,0.89728,0.86996,0
2020-05-24,0.89512,0.89728,0.87104,0
2020-05-25,0.89346,0.89728,0.87104,0
2020-05-26,0.89026,0.89728,0.87104,0
2020-05-27,0.89836,0.89836,0.87104,0
2020-05-28,0.8993,0.8993,0.87286,0
2020-05-29,0.89945,0.89945,0.87286,0
2020-05-31,0.9004,0.9004,0.87286,0
2020-06-01,0.89099,0.9004,0.87286,0
2020-06-02,0.88906,0.9004,0.87656,0
2020-06-03,0.89352,0.9004,0.88334,0
2020-06-04,0.89922,0.9004,0.88334,0
2020-06-05,0.89137,0.9004,0.88334,0
2020-06-07,0.88972,0.9004,0.88906,0
2020-06-08,0.88768,0.9004,0.88768,0
2020-06-09,0.89164,0.9004,0.88768,0
2020-06-10,0.89421,0.9004,0.88768,0
2020-06-11,0.89779,0.9004,0.88768,0
2020-06-12,0.89747,0.9004,0.88768,0
2020-06-14,0.89953,0.9004,0.88768,0
2020-06-15,0.89712,0.9004,0.88768,0
2020-06-16,0.89532,0.9004,0.88768,0
2020-06-17,0.8958,0.9004,0.88768,0
2020-06-18,0.90206,0.90206,0.88768,0
2020-06-19,0.90517,0.90517,0.88768,0
2020-06-21,0.90529,0.90529,0.88768,0
2020-06-22,0.90218,0.90529,0.88768,0
2020-06-23,0.90324,0.90529,0.88768,0
2020-06-24,0.90636,0.90636,0.88768,0
2020-06-25,0.90288,0.90636,0.88768,0
2020-06-26,0.90955,0.90955,0.88768,0
2020-06-28,0.90934,0.90955,0.88768,0
2020-06-29,0.91358,0.91358,0.88768,0
2020-06-30,0.90685,0.91358,0.88768,0
2020-07-01,0.90268,0.91358,0.89164,0
2020-07-02,0.90147,0.91358,0.89421,0
2020-07-03,0.90115,0.91358,0.89532,0
2020-07-05,0.90158,0.91358,0.89532,0
2020-07-06,0.90538,0.91358,0.89532,0
2020-07-07,0.899,0.91358,0.89532,0
2020-07-08,0.89888,0.91358,0.89532,0
2020-07-09,0.8955,0.91358,0.8955,0
2020-07-10,0.89518,0.91358,0.89518,0
2020-07-12,0.89564,0.91358,0.89518,0
2020-07-13,0.90386,0.91358,0.89518,0
2020-07-14,0.90781,0.91358,0.89518,0
2020-07-15,0.9068,0.91358,0.89518,0
2020-07-16,0.9068,0.91358,0.89518,0
2020-07-17,0.90932,0.91358,0.89518,0
2020-07-19,0.91024,0.91358,0.89518,0
2020-07-20,0.90482,0.91358,0.89518,0
2020-07-21,0.90598,0.91358,0.89518,0
2020-07-22,0.90866,0.91024,0.89518,0
2020-07-23,0.91088,0.91088,0.89518,0
2020-07-24,0.911,0.911,0.89518,0
2020-07-26,0.91057,0.911,0.89518,0
2020-07-27,0.91312,0.91312,0.89518,0
2020-07-28,0.90672,0.91312,0.89518,0
2020-07-29,0.90768,0.91312,0.89518,0
2020-07-30,0.90518,0.91312,0.89518,0
2020-07-31,0.90003,0.91312,0.89518,0
2020-08-02,0.89937,0.91312,0.89518,0
2020-08-03,0.89922,0.91312,0.89564,0
2020-08-04,0.90286,0.91312,0.89922,0
2020-08-05,0.90454,0.91312,0.89922,0
2020-08-06,0.90392,0.91312,0.89922,0
2020-08-07,0.90302,0.91312,0.89922,0
2020-08-09,0.90274,0.91312,0.89922,0
2020-08-10,0.89753,0.91312,0.89753,0
2020-08-11,0.89913,0.91312,0.89753,0
2020-08-12,0.90404,0.91312,0.89753,0
2020-08-13,0.90404,0.91312,0.89753,0
2020-08-14,0.90497,0.91312,0.89753,0
2020-08-16,0.90438,0.91312,0.89753,0
2020-08-17,0.90601,0.91312,0.89753,0
2020-08-18,0.90143,0.91312,0.89753,0
2020-08-19,0.90345,0.90768,0.89753,0
2020-08-20,0.89796,0.90768,0.89753,0
2020-08-21,0.90113,0.90601,0.89753,0
2020-08-23,0.90114,0.90601,0.89753,0
2020-08-24,0.90231,0.90601,0.89753,0
2020-08-25,0.89994,0.90601,0.89753,0
2020-08-26,0.89571,0.90601,0.89571,0
2020-08-27,0.89552,0.90601,0.89552,0
2020-08-28,0.89168,0.90601,0.89168,0
2020-08-30,0.89232,0.90601,0.89168,0
2020-08-31,0.89324,0.90601,0.89168,0
2020-09-01,0.88974,0.90601,0.88974,0
2020-09-02,0.88748,0.90601,0.88748,0
2020-09-03,0.89278,0.90601,0.88748,0
2020-09-04,0.8915,0.90601,0.88748,0
2020-09-06,0.89338,0.90601,0.88748,0
2020-09-07,0.89802,0.90601,0.88748,0
2020-09-08,0.9076,0.9076,0.88748,0
2020-09-09,0.9081,0.9081,0.88748,0
2020-09-10,0.92318,0.92318,0.88748,0
2020-09-11,0.92578,0.92578,0.88748,0
2020-09-13,0.92454,0.92578,0.88748,0
2020-09-14,0.92359,0.92578,0.88748,0
2020-09-15,0.91919,0.92578,0.88748,0
2020-09-16,0.91078,0.92578,0.88748,0
2020-09-17,0.91308,0.92578,0.88748,0
2020-09-18,0.91662,0.92578,0.88748,0
2020-09-20,0.91594,0.92578,0.88748,0
2020-09-21,0.91767,0.92578,0.88748,0
2020-09-22,0.91868,0.92578,0.88748,0
2020-09-23,0.91682,0.92578,0.88748,0
2020-09-24,0.91514,0.92578,0.88748,0
2020-09-25,0.91246,0.92578,0.8915,0
2020-09-27,0.91146,0.92578,0.8915,0
2020-09-28,0.90704,0.92578,0.89338,0
2020-09-29,0.91269,0.92578,0.89802,0
2020-09-30,0.90766,0.92578,0.90704,0
2020-10-01,0.9114,0.92578,0.90704,0
2020-10-02,0.90572,0.92578,0.90572,0
2020-10-04,0.90645,0.92578,0.90572,0
2020-10-05,0.90738,0.92454,0.90572,0
2020-10-06,0.91102,0.92359,0.90572,0
2020-10-07,0.91096,0.91919,0.90572,0
2020-10-08,0.90935,0.91868,0.90572,0
2020-10-09,0.90681,0.91868,0.90572,0
2020-10-11,0.90676,0.91868,0.90572,0
2020-10-12,0.90421,0.91868,0.90421,0
2020-10-13,0.9078,0.91868,0.90421,0
2020-10-14,0.90262,0.91868,0.90262,0
2020-10-15,0.90722,0.91682,0.90262,0
2020-10-16,0.90734,0.91514,0.90262,0
2020-10-18,0.90637,0.91269,0.90262,0
2020-10-19,0.90894,0.91269,0.90262,0
2020-10-20,0.91302,0.91302,0.90262,0
2020-10-21,0.90269,0.91302,0.90262,0
2020-10-22,0.90341,0.91302,0.90262,0
2020-10-23,0.90961,0.91302,0.90262,0
2020-10-25,0.90767,0.91302,0.90262,0
2020-10-26,0.90733,0.91302,0.90262,0
2020-10-27,0.90415,0.91302,0.90262,0
2020-10-28,0.90446,0.91302,0.90262,0
2020-10-29,0.90312,0.91302,0.90262,0
2020-10-30,0.89938,0.91302,0.89938,0
2020-11-01,0.90063,0.91302,0.89938,0
2020-11-02,0.90084,0.91302,0.89938,0
2020-11-03,0.8965,0.91302,0.8965,0
2020-11-04,0.90486,0.91302,0.8965,0
2020-11-05,0.8994,0.91302,0.8965,0
2020-11-06,0.90264,0.91302,0.8965,0
2020-11-08,0.90232,0.91302,0.8965,0
2020-11-09,0.8979,0.91302,0.8965,0
2020-11-10,0.89124,0.91302,0.89124,0
2020-11-11,0.8908,0.91302,0.8908,0
2020-11-12,0.89962,0.90961,0.8908,0
2020-11-13,0.89658,0.90961,0.8908,0
2020-11-15,0.896,0.90961,0.8908,0
2020-11-16,0.89696,0.90767,0.8908,0
2020-11-17,0.89492,0.90733,0.8908,0
2020-11-18,0.89387,0.90486,0.8908,0
2020-11-19,0.89568,0.90486,0.8908,0
2020-11-20,0.89247,0.90486,0.8908,0
2020-11-22,0.89192,0.90486,0.8908,0
2020-11-23,0.88866,0.90486,0.88866,0
2020-11-24,0.89042,0.90486,0.88866,0
2020-11-25,0.89038,0.90486,0.88866,0
2020-11-26,0.89196,0.90486,0.88866,0
2020-11-27,0.89826,0.90264,0.88866,0
2020-11-29,0.898,0.90264,0.88866,0
2020-11-30,0.89518,0.90232,0.88866,0
2020-12-01,0.89936,0.89962,0.88866,0
2020-12-02,0.90618,0.90618,0.88866,0
2020-12-03,0.90284,0.90618,0.88866,0
2020-12-04,0.9022,0.90618,0.88866,0
2020-12-06,0.90347,0.90618,0.88866,0
2020-12-07,0.90672,0.90672,0.88866,0
2020-12-08,0.90605,0.90672,0.88866,0
2020-12-09,0.90368,0.90672,0.88866,0
2020-12-10,0.91289,0.91289,0.88866,0
2020-12-11,0.91578,0.91578,0.88866,0
2020-12-13,0.91116,0.91578,0.88866,0
2020-12-14,0.91168,0.91578,0.88866,0
2020-12-15,0.90387,0.91578,0.88866,0
2020-12-16,0.90328,0.91578,0.89038,0
2020-12-17,0.90366,0.91578,0.89038,0
2020-12-18,0.90632,0.91578,0.89196,0
2020-12-20,0.91124,0.91578,0.89518,0
2020-12-21,0.90982,0.91578,0.89518,0
2020-12-22,0.9094,0.91578,0.89518,0
2020-12-23,0.90242,0.91578,0.89936,0
2020-12-24,0.89842,0.91578,0.89842,0
2020-12-27,0.89934,0.91578,0.89842,0
2020-12-28,0.90754,0.91578,0.89842,0
2020-12-29,0.90774,0.91578,0.89842,0
2020-12-30,0.90238,0.91578,0.89842,0
2020-12-31,0.89404,0.91578,0.89404,0
2021-01-03,0.89542,0.91578,0.89404,0
2021-01-04,0.90286,0.91578,0.89404,0
2021-01-05,0.90254,0.91578,0.89404,0
2021-01-06,0.90566,0.91168,0.89404,0
2021-01-07,0.90422,0.91168,0.89404,0
2021-01-08,0.90094,0.91124,0.89404,0
2021-01-10,0.90149,0.91124,0.89404,0
2021-01-11,0.89924,0.91124,0.89404,0
2021-01-12,0.8933,0.91124,0.8933,0
2021-01-13,0.89116,0.91124,0.89116,0
2021-01-14,0.88801,0.90982,0.88801,0
2021-01-15,0.8888,0.9094,0.88801,0
2021-01-17,0.88914,0.90774,0.88801,0
2021-01-18,0.8892,0.90774,0.88801,0
2021-01-19,0.8897,0.90774,0.88801,0
2021-01-20,0.88642,0.90774,0.88642,0
2021-01-21,0.88616,0.90774,0.88616,0
2021-01-22,0.88953,0.90566,0.88616,0
2021-01-24,0.88908,0.90566,0.88616,0
2021-01-25,0.8879,0.90566,0.88616,0
2021-01-26,0.8852,0.90566,0.8852,0
2021-01-27,0.8853,0.90566,0.8852,0
2021-01-28,0.88317,0.90566,0.88317,0
2021-01-29,0.88554,0.90422,0.88317,0
2021-01-31,0.88508,0.90149,0.88317,0
2021-02-01,0.8824,0.90149,0.8824,0
2021-02-02,0.88125,0.89924,0.88125,0
2021-02-03,0.88219,0.8933,0.88125,0
2021-02-04,0.87524,0.89116,0.87524,0
2021-02-05,0.87679,0.8897,0.87524,0
2021-02-07,0.87701,0.8897,0.87524,0
2021-02-08,0.87684,0.8897,0.87524,0
2021-02-09,0.877,0.8897,0.87524,0
2021-02-10,0.87622,0.8897,0.87524,0
2021-02-11,0.87831,0.88953,0.87524,0
2021-02-12,0.87512,0.88953,0.87512,0
2021-02-14,0.87392,0.88953,0.87392,0
2021-02-15,0.87194,0.88908,0.87194,0
2021-02-16,0.87057,0.8879,0.87057,0
2021-02-17,0.86868,0.88554,0.86868,0
2021-02-18,0.86574,0.88554,0.86574,0
2021-02-19,0.86508,0.88554,0.86508,0
2021-02-21,0.86437,0.88554,0.86437,0
2021-02-22,0.86466,0.88508,0.86437,0
2021-02-23,0.86056,0.8824,0.86056,0
2021-02-24,0.86027,0.88219,0.86027,0
2021-02-25,0.8682,0.88219,0.86027,0
2021-02-26,0.8669,0.87831,0.86027,0
2021-02-28,0.86523,0.87831,0.86027,0
2021-03-01,0.86502,0.87831,0.86027,0
2021-03-02,0.86608,0.87831,0.86027,0
2021-03-03,0.8653,0.87831,0.86027,0
2021-03-04,0.86134,0.87831,0.86027,0
2021-03-05,0.86127,0.87831,0.86027,0
2021-03-07,0.86108,0.87512,0.86027,0
2021-03-08,0.85741,0.87392,0.85741,0
2021-03-09,0.8567,0.87194,0.8567,0
2021-03-10,0.85602,0.87057,0.85602,0
2021-03-11,0.85651,0.86868,0.85602,0
2021-03-12,0.85845,0.8682,0.85602,0
2021-03-14,0.85787,0.8682,0.85602,0
2021-03-15,0.8581,0.8682,0.85602,0
2021-03-16,0.85614,0.8682,0.85602,0
2021-03-17,0.85744,0.8682,0.85602,0
2021-03-18,0.85594,0.8682,0.85594,0
2021-03-19,0.85829,0.8682,0.85594,0
2021-03-21,0.85906,0.8669,0.85594,0
2021-03-22,0.86098,0.86608,0.85594,0
2021-03-23,0.86224,0.86608,0.85594,0
2021-03-24,0.86297,0.86608,0.85594,0
2021-03-25,0.85662,0.8653,0.85594,0
2021-03-26,0.85502,0.86297,0.85502,0
2021-03-28,0.85477,0.86297,0.85477,0
2021-03-29,0.85439,0.86297,0.85439,0
2021-03-30,0.85286,0.86297,0.85286,0
2021-03-31,0.85068,0.86297,0.85068,0
2021-04-01,0.85132,0.86297,0.85068,0
2021-04-02,0.8505,0.86297,0.8505,0
2021-04-04,0.85087,0.86297,0.8505,0
2021-04-05,0.84938,0.86297,0.84938,0
2021-04-06,0.85854,0.86297,0.84938,0
2021-04-07,0.86396,0.86396,0.84938,0
2021-04-08,0.86762,0.86762,0.84938,0
2021-04-09,0.86817,0.86817,0.84938,0
2021-04-11,0.86786,0.86817,0.84938,0
2021-04-12,0.86608,0.86817,0.84938,0
2021-04-13,0.86882,0.86882,0.84938,0
2021-04-14,0.86975,0.86975,0.84938,0
2021-04-15,0.8684,0.86975,0.84938,0
2021-04-16,0.86544,0.86975,0.84938,0
2021-04-18,0.8662,0.86975,0.84938,0
2021-04-19,0.86068,0.86975,0.84938,0
2021-04-20,0.8633,0.86975,0.84938,0
2021-04-21,0.86406,0.86975,0.84938,0
2021-04-22,0.86817,0.86975,0.84938,0
2021-04-23,0.8716,0.8716,0.84938,0
2021-04-25,0.87193,0.87193,0.84938,0
2021-04-26,0.86933,0.87193,0.84938,0
2021-04-27,0.86954,0.87193,0.84938,0
2021-04-28,0.86964,0.87193,0.85854,0
2021-04-29,0.86912,0.87193,0.86068,0
2021-04-30,0.86985,0.87193,0.86068,0
2021-05-02,0.87037,0.87193,0.86068,0
2021-05-03,0.86736,0.87193,0.86068,0
2021-05-04,0.86512,0.87193,0.86068,0
2021-05-05,0.86328,0.87193,0.86068,0
2021-05-06,0.86828,0.87193,0.86068,0
2021-05-07,0.86985,0.87193,0.86068,0
2021-05-09,0.86682,0.87193,0.86068,0
2021-05-10,0.85915,0.87193,0.85915,0
2021-05-11,0.85914,0.87193,0.85914,0
2021-05-12,0.85886,0.87193,0.85886,0
2021-05-13,0.8598,0.87193,0.85886,0
2021-05-14,0.86144,0.87193,0.85886,0
2021-05-16,0.86166,0.87193,0.85886,0
2021-05-17,0.85924,0.87193,0.85886,0
2021-05-18,0.86151,0.87037,0.85886,0
2021-05-19,0.86271,0.87037,0.85886,0
2021-05-20,0.86186,0.87037,0.85886,0
2021-05-21,0.86089,0.87037,0.85886,0
2021-05-23,0.86144,0.87037,0.85886,0
2021-05-24,0.86287,0.87037,0.85886,0
2021-05-25,0.86594,0.86985,0.85886,0
2021-05-26,0.86379,0.86985,0.85886,0
2021-05-27,0.85848,0.86985,0.85848,0
2021-05-28,0.85917,0.86985,0.85848,0
2021-05-30,0.85966,0.86985,0.85848,0
2021-05-31,0.85984,0.86682,0.85848,0
2021-06-01,0.8631,0.86594,0.85848,0
2021-06-02,0.86157,0.86594,0.85848,0
2021-06-03,0.8598,0.86594,0.85848,0
2021-06-04,0.8592,0.86594,0.85848,0
2021-06-06,0.85896,0.86594,0.85848,0
2021-06-07,0.85996,0.86594,0.85848,0
2021-06-08,0.86031,0.86594,0.85848,0
2021-06-09,0.86302,0.86594,0.85848,0
2021-06-10,0.859,0.86594,0.85848,0
2021-06-11,0.85807,0.86594,0.85807,0
2021-06-13,0.85777,0.86594,0.85777,0
2021-06-14,0.85912,0.86594,0.85777,0
2021-06-15,0.86106,0.86594,0.85777,0
2021-06-16,0.85744,0.86594,0.85744,0
2021-06-17,0.85474,0.86379,0.85474,0
2021-06-18,0.85921,0.8631,0.85474,0
2021-06-20,0.85916,0.8631,0.85474,0
2021-06-21,0.85546,0.8631,0.85474,0
2021-06-22,0.85571,0.8631,0.85474,0
2021-06-23,0.85416,0.8631,0.85416,0
2021-06-24,0.85714,0.86302,0.85416,0
2021-06-25,0.85969,0.86302,0.85416,0
2021-06-27,0.85932,0.86302,0.85416,0
2021-06-28,0.8595,0.86302,0.85416,0
2021-06-29,0.85985,0.86302,0.85416,0
2021-06-30,0.85739,0.86302,0.85416,0
2021-07-01,0.86092,0.86302,0.85416,0
2021-07-02,0.8581,0.86106,0.85416,0
2021-07-04,0.8572,0.86106,0.85416,0
2021-07-05,0.85631,0.86106,0.85416,0
2021-07-06,0.85643,0.86106,0.85416,0
2021-07-07,0.85461,0.86106,0.85416,0
2021-07-08,0.85906,0.86092,0.85416,0
2021-07-09,0.85442,0.86092,0.85416,0
2021-07-11,0.85423,0.86092,0.85416,0
2021-07-12,0.85426,0.86092,0.85416,0
2021-07-13,0.85294,0.86092,0.85294,0
2021-07-14,0.85399,0.86092,0.85294,0
2021-07-15,0.8542,0.86092,0.85294,0
2021-07-16,0.85755,0.86092,0.85294,0
2021-07-18,0.85824,0.86092,0.85294,0
2021-07-19,0.86269,0.86269,0.85294,0
2021-07-20,0.8641,0.8641,0.85294,0
2021-07-21,0.86,0.8641,0.85294,0
2021-07-22,0.85474,0.8641,0.85294,0
2021-07-23,0.85597,0.8641,0.85294,0
2021-07-25,0.85578,0.8641,0.85294,0
2021-07-26,0.85378,0.8641,0.85294,0
2021-07-27,0.85151,0.8641,0.85151,0
2021-07-28,0.85184,0.8641,0.85151,0
2021-07-29,0.85152,0.8641,0.85151,0
2021-07-30,0.8537,0.8641,0.85151,0
2021-08-01,0.85394,0.8641,0.85151,0
2021-08-02,0.85482,0.8641,0.85151,0
2021-08-03,0.85286,0.8641,0.85151,0
2021-08-04,0.85223,0.8641,0.85151,0
2021-08-05,0.84964,0.8641,0.84964,0
2021-08-06,0.84783,0.8641,0.84783,0
2021-08-08,0.84718,0.8641,0.84718,0
2021-08-09,0.84756,0.8641,0.84718,0
2021-08-10,0.84707,0.8641,0.84707,0
2021-08-11,0.84679,0.8641,0.84679,0
2021-08-12,0.84973,0.86,0.84679,0
2021-08-13,0.8503,0.85597,0.84679,0
2021-08-15,0.85073,0.85597,0.84679,0
2021-08-16,0.85096,0.85578,0.84679,0
2021-08-17,0.8522,0.85482,0.84679,0
2021-08-18,0.85155,0.85482,0.84679,0
2021-08-19,0.85666,0.85666,0.84679,0
2021-08-20,0.85895,0.85895,0.84679,0
2021-08-22,0.85852,0.85895,0.84679,0
2021-08-23,0.8558,0.85895,0.84679,0
2021-08-24,0.85636,0.85895,0.84679,0
2021-08-25,0.85522,0.85895,0.84679,0
2021-08-26,0.85793,0.85895,0.84679,0
2021-08-27,0.85706,0.85895,0.84679,0
2021-08-29,0.85728,0.85895,0.84679,0
2021-08-30,0.85736,0.85895,0.84679,0
2021-08-31,0.85878,0.85895,0.84679,0
2021-09-01,0.8598,0.8598,0.84679,0
2021-09-02,0.85816,0.8598,0.84679,0
2021-09-03,0.8569,0.8598,0.84973,0
2021-09-05,0.85766,0.8598,0.8503,0
2021-09-06,0.85796,0.8598,0.85073,0
2021-09-07,0.85951,0.8598,0.85096,0
2021-09-08,0.85851,0.8598,0.85155,0
2021-09-09,0.85438,0.8598,0.85155,0
2021-09-10,0.85353,0.8598,0.85353,0
2021-09-12,0.85348,0.8598,0.85348,0
2021-09-13,0.85344,0.8598,0.85344,0
2021-09-14,0.85476,0.8598,0.85344,0
2021-09-15,0.85345,0.8598,0.85344,0
2021-09-16,0.85268,0.8598,0.85268,0
2021-09-17,0.8535,0.8598,0.85268,0
2021-09-19,0.85438,0.8598,0.85268,0
2021-09-20,0.85836,0.8598,0.85268,0
2021-09-21,0.85836,0.8598,0.85268,0
2021-09-22,0.85832,0.8598,0.85268,0
2021-09-23,0.85563,0.8598,0.85268,0
2021-09-24,0.85706,0.85951,0.85268,0
2021-09-26,0.85765,0.85951,0.85268,0
2021-09-27,0.85366,0.85951,0.85268,0
2021-09-28,0.86298,0.86298,0.85268,0
2021-09-29,0.86406,0.86406,0.85268,0
2021-09-30,0.85932,0.86406,0.85268,0
2021-10-01,0.85594,0.86406,0.85268,0
2021-10-03,0.85532,0.86406,0.85268,0
2021-10-04,0.85373,0.86406,0.85268,0
2021-10-05,0.85094,0.86406,0.85094,0
2021-10-06,0.85016,0.86406,0.85016,0
2021-10-07,0.84874,0.86406,0.84874,0
2021-10-08,0.85004,0.86406,0.84874,0
2021-10-10,0.84939,0.86406,0.84874,0
2021-10-11,0.85008,0.86406,0.84874,0
2021-10-12,0.84929,0.86406,0.84874,0
2021-10-13,0.84845,0.86406,0.84845,0
2021-10-14,0.84798,0.86406,0.84798,0
2021-10-15,0.84338,0.86406,0.84338,0
2021-10-17,0.8427,0.86406,0.8427,0
2021-10-18,0.84548,0.86406,0.8427,0
2021-10-19,0.84332,0.86406,0.8427,0
2021-10-20,0.84304,0.86406,0.8427,0
2021-10-21,0.84296,0.86406,0.8427,0
2021-10-22,0.84672,0.85932,0.8427,0
2021-10-24,0.84576,0.85594,0.8427,0
2021-10-25,0.84346,0.85532,0.8427,0
2021-10-26,0.84243,0.85373,0.84243,0
2021-10-27,0.84466,0.85094,0.84243,0
2021-10-28,0.84662,0.85016,0.84243,0
2021-10-29,0.84488,0.85008,0.84243,0
2021-10-31,0.8446,0.85008,0.84243,0
2021-11-01,0.84948,0.85008,0.84243,0
2021-11-02,0.85039,0.85039,0.84243,0
2021-11-03,0.84821,0.85039,0.84243,0
2021-11-04,0.85542,0.85542,0.84243,0
2021-11-05,0.85716,0.85716,0.84243,0
2021-11-07,0.85752,0.85752,0.84243,0
2021-11-08,0.85432,0.85752,0.84243,0
2021-11-09,0.85504,0.85752,0.84243,0
2021-11-10,0.85637,0.85752,0.84243,0
2021-11-11,0.85652,0.85752,0.84243,0
2021-11-12,0.85324,0.85752,0.84243,0
2021-11-14,0.85281,0.85752,0.84243,0
2021-11-15,0.84764,0.85752,0.84243,0
2021-11-16,0.84302,0.85752,0.84243,0
2021-11-17,0.83906,0.85752,0.83906,0
2021-11-18,0.84214,0.85752,0.83906,0
2021-11-19,0.83875,0.85752,0.83875,0
2021-11-22,0.83908,0.85752,0.83875,0
2021-11-23,0.84069,0.85752,0.83875,0
2021-11-24,0.84039,0.85752,0.83875,0
2021-11-25,0.842,0.85752,0.83875,0
2021-11-26,0.84883,0.85752,0.83875,0
2021-11-28,0.84645,0.85752,0.83875,0
2021-11-29,0.84814,0.85752,0.83875,0
2021-11-30,0.85218,0.85752,0.83875,0
2021-12-01,0.85252,0.85652,0.83875,0
2021-12-02,0.85009,0.85652,0.83875,0
2021-12-03,0.85462,0.85652,0.83875,0
2021-12-05,0.8541,0.85652,0.83875,0
2021-12-06,0.85078,0.85462,0.83875,0
2021-12-07,0.85104,0.85462,0.83875,0
2021-12-08,0.8588,0.8588,0.83875,0
2021-12-09,0.85402,0.8588,0.83875,0
2021-12-10,0.85326,0.8588,0.83875,0
2021-12-12,0.85318,0.8588,0.83875,0
2021-12-13,0.85396,0.8588,0.83875,0
2021-12-14,0.85094,0.8588,0.83908,0
2021-12-15,0.8513,0.8588,0.84039,0
2021-12-16,0.8507,0.8588,0.84039,0
2021-12-17,0.84882,0.8588,0.842,0
2021-12-19,0.84988,0.8588,0.84645,0
2021-12-20,0.8537,0.8588,0.84645,0
2021-12-21,0.85069,0.8588,0.84814,0
2021-12-22,0.84843,0.8588,0.84843,0
2021-12-23,0.84465,0.8588,0.84465,0
2021-12-24,0.84502,0.8588,0.84465,0
2021-12-26,0.84488,0.8588,0.84465,0
2021-12-27,0.84288,0.8588,0.84288,0
2021-12-28,0.84218,0.8588,0.84218,0
2021-12-29,0.84165,0.8588,0.84165,0
2021-12-30,0.83888,0.8588,0.83888,0
2021-12-31,0.84037,0.85402,0.83888,0
2022-01-02,0.84108,0.85396,0.83888,0
2022-01-03,0.83828,0.85396,0.83828,0
2022-01-04,0.83394,0.85396,0.83394,0
2022-01-05,0.83444,0.8537,0.83394,0
2022-01-06,0.83462,0.8537,0.83394,0
2022-01-07,0.83593,0.8537,0.83394,0
2022-01-09,0.83534,0.8537,0.83394,0
2022-01-10,0.83433,0.8537,0.83394,0
2022-01-11,0.83372,0.8537,0.83372,0
2022-01-12,0.83465,0.85069,0.83372,0
2022-01-13,0.83544,0.84843,0.83372,0
2022-01-14,0.83442,0.84502,0.83372,0
2022-01-16,0.8346,0.84502,0.83372,0
2022-01-17,0.83606,0.84488,0.83372,0
2022-01-18,0.833,0.84288,0.833,0
2022-01-19,0.83348,0.84218,0.833,0
2022-01-20,0.83202,0.84165,0.83202,0
2022-01-21,0.83694,0.84108,0.83202,0
2022-01-23,0.83666,0.84108,0.83202,0
2022-01-24,0.8395,0.84108,0.83202,0
2022-01-25,0.83666,0.8395,0.83202,0
2022-01-26,0.83466,0.8395,0.83202,0
2022-01-27,0.83246,0.8395,0.83202,0
2022-01-28,0.83171,0.8395,0.83171,0
2022-01-30,0.83206,0.8395,0.83171,0
2022-01-31,0.83518,0.8395,0.83171,0
2022-02-01,0.83354,0.8395,0.83171,0
2022-02-02,0.83302,0.8395,0.83171,0
2022-02-03,0.84098,0.84098,0.83171,0
2022-02-04,0.84633,0.84633,0.83171,0
2022-02-06,0.84643,0.84643,0.83171,0
2022-02-07,0.84515,0.84643,0.83171,0
2022-02-08,0.84304,0.84643,0.83171,0
2022-02-09,0.84396,0.84643,0.83171,0
2022-02-10,0.8422,0.84643,0.83171,0
2022-02-11,0.83672,0.84643,0.83171,0
2022-02-13,0.83752,0.84643,0.83171,0
2022-02-14,0.83549,0.84643,0.83171,0
2022-02-15,0.83863,0.84643,0.83171,0
2022-02-16,0.83735,0.84643,0.83171,0
2022-02-17,0.8347,0.84643,0.83171,0
2022-02-18,0.83324,0.84643,0.83171,0
2022-02-20,0.83263,0.84643,0.83171,0
2022-02-21,0.83189,0.84643,0.83189,0
2022-02-22,0.83373,0.84643,0.83189,0
2022-02-23,0.83466,0.84643,0.83189,0
2022-02-24,0.83684,0.84643,0.83189,0
2022-02-25,0.84036,0.84643,0.83189,0
2022-02-27,0.83608,0.84643,0.83189,0
2022-02-28,0.83552,0.84643,0.83189,0
2022-03-01,0.83479,0.84515,0.83189,0
2022-03-02,0.82952,0.84396,0.82952,0
2022-03-03,0.82886,0.84396,0.82886,0
2022-03-04,0.82624,0.8422,0.82624,0
2022-03-06,0.823,0.84036,0.823,0
2022-03-07,0.82862,0.84036,0.823,0
2022-03-08,0.832,0.84036,0.823,0
2022-03-09,0.83986,0.84036,0.823,0
2022-03-10,0.84055,0.84055,0.823,0
2022-03-11,0.83702,0.84055,0.823,0
2022-03-13,0.83774,0.84055,0.823,0
2022-03-14,0.84111,0.84111,0.823,0
2022-03-15,0.84074,0.84111,0.823,0
2022-03-16,0.83876,0.84111,0.823,0
2022-03-17,0.84348,0.84348,0.823,0
2022-03-18,0.83866,0.84348,0.823,0
2022-03-20,0.83912,0.84348,0.823,0
2022-03-21,0.8366,0.84348,0.823,0
2022-03-22,0.83138,0.84348,0.823,0
2022-03-23,0.83348,0.84348,0.823,0
2022-03-24,0.83432,0.84348,0.823,0
2022-03-25,0.8334,0.84348,0.823,0
2022-03-27,0.83364,0.84348,0.823,0
2022-03-28,0.83906,0.84348,0.823,0
2022-03-29,0.84707,0.84707,0.82862,0
2022-03-30,0.84959,0.84959,0.83138,0
2022-03-31,0.84232,0.84959,0.83138,0
2022-04-01,0.8425,0.84959,0.83138,0
2022-04-03,0.84287,0.84959,0.83138,0
2022-04-04,0.83699,0.84959,0.83138,0
2022-04-05,0.834,0.84959,0.83138,0
2022-04-06,0.83384,0.84959,0.83138,0
2022-04-07,0.83132,0.84959,0.83132,0
2022-04-08,0.83436,0.84959,0.83132,0
2022-04-10,0.83535,0.84959,0.83132,0
2022-04-11,0.83521,0.84959,0.83132,0
2022-04-12,0.83264,0.84959,0.83132,0
2022-04-13,0.8305,0.84959,0.8305,0
2022-04-14,0.82826,0.84959,0.82826,0
2022-04-15,0.82837,0.84959,0.82826,0
2022-04-17,0.82824,0.84959,0.82824,0
2022-04-18,0.82876,0.84959,0.82824,0
2022-04-19,0.82942,0.84959,0.82824,0
2022-04-20,0.83024,0.84959,0.82824,0
2022-04-21,0.8319,0.84959,0.82824,0
2022-04-22,0.84116,0.84287,0.82824,0
2022-04-24,0.84262,0.84287,0.82824,0
2022-04-25,0.84102,0.84287,0.82824,0
2022-04-26,0.8459,0.8459,0.82824,0
2022-04-27,0.84166,0.8459,0.82824,0
2022-04-28,0.84262,0.8459,0.82824,0
2022-04-29,0.83867,0.8459,0.82824,0
2022-05-01,0.83808,0.8459,0.82824,0
2022-05-02,0.84082,0.8459,0.82824,0
2022-05-03,0.8421,0.8459,0.82824,0
2022-05-04,0.84179,0.8459,0.82824,0
2022-05-05,0.85255,0.85255,0.82824,0
2022-05-06,0.85498,0.85498,0.82824,0
2022-05-08,0.84414,0.85498,0.82824,0
2022-05-09,0.85629,0.85629,0.82824,0
2022-05-10,0.85555,0.85629,0.82876,0
2022-05-11,0.85926,0.85926,0.82942,0
2022-05-12,0.85041,0.85926,0.83024,0
2022-05-13,0.84882,0.85926,0.8319,0
2022-05-15,0.84832,0.85926,0.83808,0
2022-05-16,0.84694,0.85926,0.83808,0
2022-05-17,0.84478,0.85926,0.83808,0
2022-05-18,0.8484,0.85926,0.83808,0
2022-05-19,0.84886,0.85926,0.83808,0
2022-05-20,0.84519,0.85926,0.83808,0
2022-05-22,0.84534,0.85926,0.83808,0
2022-05-23,0.85014,0.85926,0.83808,0
2022-05-24,0.85577,0.85926,0.84082,0
2022-05-25,0.84911,0.85926,0.84179,0
2022-05-26,0.85062,0.85926,0.84179,0
2022-05-27,0.8499,0.85926,0.84414,0
2022-05-29,0.84984,0.85926,0.84414,0
2022-05-30,0.852,0.85926,0.84414,0
2022-05-31,0.85143,0.85926,0.84478,0
2022-06-01,0.85324,0.85926,0.84478,0
2022-06-02,0.85468,0.85926,0.84478,0
2022-06-03,0.8584,0.8584,0.84478,0
2022-06-05,0.85872,0.85872,0.84478,0
2022-06-06,0.85359,0.85872,0.84478,0
2022-06-07,0.84986,0.85872,0.84478,0
2022-06-08,0.85458,0.85872,0.84478,0
2022-06-09,0.85003,0.85872,0.84519,0
2022-06-10,0.85399,0.85872,0.84519,0
2022-06-12,0.85454,0.85872,0.84519,0
2022-06-13,0.85774,0.85872,0.84534,0
2022-06-14,0.86902,0.86902,0.84911,0
2022-06-15,0.85894,0.86902,0.84911,0
2022-06-16,0.85398,0.86902,0.84911,0
2022-06-17,0.85879,0.86902,0.84984,0
2022-06-19,0.8579,0.86902,0.84984,0
2022-06-20,0.85868,0.86902,0.84984,0
2022-06-21,0.85876,0.86902,0.84986,0
2022-06-22,0.86227,0.86902,0.84986,0
2022-06-23,0.85806,0.86902,0.84986,0
2022-06-24,0.85979,0.86902,0.84986,0
2022-06-26,0.8603,0.86902,0.84986,0
2022-06-27,0.86248,0.86902,0.84986,0
2022-06-28,0.86332,0.86902,0.84986,0
2022-06-29,0.86122,0.86902,0.84986,0
2022-06-30,0.86168,0.86902,0.85003,0
2022-07-01,0.86215,0.86902,0.85003,0
2022-07-03,0.86219,0.86902,0.85398,0
2022-07-04,0.86126,0.86902,0.85398,0
2022-07-05,0.85822,0.86902,0.85398,0
2022-07-06,0.85425,0.86902,0.85398,0
2022-07-07,0.84531,0.86332,0.84531,0
2022-07-08,0.84634,0.86332,0.84531,0
2022-07-10,0.84606,0.86332,0.84531,0
2022-07-11,0.84424,0.86332,0.84424,0
2022-07-12,0.84446,0.86332,0.84424,0
2022-07-13,0.8458,0.86332,0.84424,0
2022-07-14,0.84678,0.86332,0.84424,0
2022-07-15,0.8499,0.86332,0.84424,0
2022-07-17,0.84922,0.86332,0.84424,0
2022-07-18,0.84915,0.86332,0.84424,0
2022-07-19,0.85239,0.86332,0.84424,0
2022-07-20,0.8507,0.86332,0.84424,0
2022-07-21,0.85203,0.86219,0.84424,0
2022-07-22,0.85068,0.86219,0.84424,0
2022-07-24,0.85101,0.86219,0.84424,0
2022-07-25,0.84811,0.86219,0.84424,0
2022-07-26,0.84152,0.86126,0.84152,0
2022-07-27,0.83912,0.85822,0.83912,0
2022-07-28,0.83728,0.85425,0.83728,0
2022-07-29,0.83944,0.85239,0.83728,0
2022-07-31,0.83912,0.85239,0.83728,0
2022-08-01,0.83732,0.85239,0.83728,0
2022-08-02,0.83636,0.85239,0.83636,0
2022-08-03,0.83678,0.85239,0.83636,0
2022-08-04,0.84282,0.85239,0.83636,0
2022-08-05,0.84344,0.85239,0.83636,0
2022-08-07,0.84338,0.85239,0.83636,0
2022-08-08,0.84386,0.85239,0.83636,0
2022-08-09,0.84564,0.85239,0.83636,0
2022-08-10,0.84343,0.85239,0.83636,0
2022-08-11,0.84629,0.85203,0.83636,0
2022-08-12,0.84532,0.85203,0.83636,0
2022-08-14,0.84552,0.85101,0.83636,0
2022-08-15,0.84283,0.85101,0.83636,0
2022-08-16,0.84086,0.84811,0.83636,0
2022-08-17,0.84492,0.84629,0.83636,0
2022-08-18,0.84566,0.84629,0.83636,0
2022-08-19,0.84877,0.84877,0.83636,0
2022-08-21,0.84916,0.84916,0.83636,0
2022-08-22,0.84468,0.84916,0.83636,0
2022-08-23,0.84248,0.84916,0.83636,0
2022-08-24,0.84546,0.84916,0.83636,0
2022-08-25,0.84338,0.84916,0.83678,0
2022-08-26,0.84877,0.84916,0.84086,0
2022-08-28,0.85005,0.85005,0.84086,0
2022-08-29,0.85406,0.85406,0.84086,0
2022-08-30,0.85976,0.85976,0.84086,0
2022-08-31,0.86558,0.86558,0.84086,0
2022-09-01,0.8618,0.86558,0.84086,0
2022-09-02,0.86468,0.86558,0.84086,0
2022-09-04,0.8636,0.86558,0.84086,0
2022-09-05,0.8604,0.86558,0.84086,0
2022-09-06,0.85984,0.86558,0.84086,0
2022-09-07,0.86771,0.86771,0.84086,0
2022-09-08,0.86888,0.86888,0.84248,0
2022-09-09,0.86648,0.86888,0.84248,0
2022-09-11,0.86666,0.86888,0.84248,0
2022-09-12,0.86655,0.86888,0.84248,0
2022-09-13,0.8675,0.86888,0.84248,0
2022-09-14,0.86469,0.86888,0.84248,0
2022-09-15,0.87218,0.87218,0.84338,0
2022-09-16,0.87682,0.87682,0.84338,0
2022-09-18,0.87648,0.87682,0.84877,0
2022-09-19,0.87637,0.87682,0.85005,0
2022-09-20,0.87616,0.87682,0.85406,0
2022-09-21,0.87332,0.87682,0.85976,0
2022-09-22,0.87357,0.87682,0.85984,0
2022-09-23,0.89336,0.89336,0.85984,0
2022-09-25,0.8974,0.8974,0.85984,0
2022-09-26,0.89352,0.8974,0.85984,0
2022-09-27,0.8946,0.8974,0.85984,0
2022-09-28,0.89614,0.8974,0.85984,0
2022-09-29,0.87989,0.8974,0.86469,0
2022-09-30,0.87743,0.8974,0.86469,0
2022-10-02,0.87952,0.8974,0.86469,0
2022-10-03,0.86731,0.8974,0.86469,0
2022-10-04,0.87187,0.8974,0.86469,0
2022-10-05,0.87282,0.8974,0.86469,0
2022-10-06,0.87711,0.8974,0.86469,0
2022-10-07,0.87805,0.8974,0.86731,0
2022-10-09,0.87917,0.8974,0.86731,0
2022-10-10,0.87654,0.8974,0.86731,0
2022-10-11,0.88474,0.8974,0.86731,0
2022-10-12,0.87428,0.8974,0.86731,0
2022-10-13,0.86426,0.8974,0.86426,0
2022-10-14,0.87019,0.8974,0.86426,0
2022-10-16,0.86641,0.8974,0.86426,0
2022-10-17,0.86712,0.8974,0.86426,0
2022-10-18,0.86953,0.89614,0.86426,0
2022-10-19,0.87138,0.89614,0.86426,0
2022-10-20,0.87138,0.89614,0.86426,0
2022-10-21,0.87311,0.88474,0.86426,0
2022-10-23,0.86978,0.88474,0.86426,0
2022-10-24,0.87426,0.88474,0.86426,0
2022-10-25,0.86941,0.88474,0.86426,0
2022-10-26,0.86721,0.88474,0.86426,0
2022-10-27,0.86184,0.88474,0.86184,0
2022-10-28,0.85806,0.88474,0.85806,0
2022-10-30,0.85852,0.88474,0.85806,0
2022-10-31,0.86204,0.88474,0.85806,0
2022-11-01,0.8598,0.88474,0.85806,0
2022-11-02,0.8621,0.88474,0.85806,0
2022-11-03,0.87276,0.87428,0.85806,0
2022-11-04,0.87554,0.87554,0.85806,0
2022-11-06,0.87623,0.87623,0.85806,0
2022-11-07,0.87011,0.87623,0.85806,0
2022-11-08,0.8726,0.87623,0.85806,0
2022-11-09,0.88131,0.88131,0.85806,0
2022-11-10,0.87153,0.88131,0.85806,0
2022-11-11,0.87504,0.88131,0.85806,0
2022-11-13,0.87539,0.88131,0.85806,0
2022-11-14,0.87814,0.88131,0.85806,0
2022-11-15,0.87186,0.88131,0.85806,0
2022-11-16,0.87237,0.88131,0.85806,0
2022-11-17,0.8737,0.88131,0.85806,0
2022-11-18,0.86857,0.88131,0.85806,0
2022-11-20,0.86922,0.88131,0.85806,0
2022-11-21,0.86628,0.88131,0.85852,0
2022-11-22,0.86689,0.88131,0.8598,0
2022-11-23,0.8626,0.88131,0.8598,0
2022-11-24,0.85928,0.88131,0.85928,0
2022-11-25,0.85985,0.88131,0.85928,0
2022-11-27,0.86002,0.88131,0.85928,0
2022-11-28,0.86488,0.88131,0.85928,0
2022-11-29,0.86418,0.88131,0.85928,0
2022-11-30,0.86318,0.88131,0.85928,0
2022-12-01,0.85886,0.88131,0.85886,0
2022-12-02,0.85738,0.87814,0.85738,0
2022-12-04,0.8575,0.87814,0.85738,0
2022-12-05,0.86086,0.87814,0.85738,0
2022-12-06,0.86274,0.87814,0.85738,0
2022-12-07,0.86094,0.8737,0.85738,0
2022-12-08,0.86279,0.8737,0.85738,0
2022-12-09,0.85884,0.8737,0.85738,0
2022-12-11,0.85989,0.86922,0.85738,0
2022-12-12,0.85916,0.86922,0.85738,0
2022-12-13,0.86,0.86689,0.85738,0
2022-12-14,0.85969,0.86689,0.85738,0
2022-12-15,0.87268,0.87268,0.85738,0
2022-12-16,0.87227,0.87268,0.85738,0
2022-12-18,0.8705,0.87268,0.85738,0
2022-12-19,0.87312,0.87312,0.85738,0
2022-12-20,0.87176,0.87312,0.85738,0
2022-12-21,0.87845,0.87845,0.85738,0
2022-12-22,0.88068,0.88068,0.85738,0
2022-12-23,0.88099,0.88099,0.85738,0
2022-12-26,0.88062,0.88099,0.85738,0
2022-12-27,0.88452,0.88452,0.8575,0
2022-12-28,0.88369,0.88452,0.85884,0
2022-12-29,0.88436,0.88452,0.85884,0
2022-12-30,0.88523,0.88523,0.85884,0
2023-01-01,0.88495,0.88523,0.85884,0
2023-01-02,0.88507,0.88523,0.85884,0
2023-01-03,0.88128,0.88523,0.85916,0
2023-01-04,0.87973,0.88523,0.85916,0
2023-01-05,0.88342,0.88523,0.85969,0
2023-01-06,0.88025,0.88523,0.85969,0
2023-01-08,0.87976,0.88523,0.8705,0
2023-01-09,0.8809,0.88523,0.8705,0
2023-01-10,0.88356,0.88523,0.8705,0
2023-01-11,0.88542,0.88542,0.87176,0
2023-01-12,0.88892,0.88892,0.87176,0
2023-01-13,0.88588,0.88892,0.87845,0
2023-01-15,0.88542,0.88892,0.87973,0
2023-01-16,0.8871,0.88892,0.87973,0
2023-01-17,0.87838,0.88892,0.87838,0
2023-01-18,0.87453,0.88892,0.87453,0
2023-01-19,0.87422,0.88892,0.87422,0
2023-01-20,0.87558,0.88892,0.87422,0
2023-01-22,0.87572,0.88892,0.87422,0
2023-01-23,0.87824,0.88892,0.87422,0
2023-01-24,0.88308,0.88892,0.87422,0
2023-01-25,0.88,0.88892,0.87422,0
2023-01-26,0.87748,0.88892,0.87422,0
2023-01-27,0.87685,0.88892,0.87422,0
2023-01-29,0.87672,0.88892,0.87422,0
2023-01-30,0.87854,0.88892,0.87422,0
2023-01-31,0.8824,0.88892,0.87422,0
2023-02-01,0.88902,0.88902,0.87422,0
2023-02-02,0.89229,0.89229,0.87422,0
2023-02-03,0.89552,0.89552,0.87422,0
2023-02-05,0.89586,0.89586,0.87422,0
2023-02-06,0.89215,0.89586,0.87422,0
2023-02-07,0.89019,0.89586,0.87422,0
2023-02-08,0.88773,0.89586,0.87422,0
2023-02-09,0.8864,0.89586,0.87422,0
2023-02-10,0.88548,0.89586,0.87422,0
2023-02-12,0.88597,0.89586,0.87558,0
2023-02-13,0.8832,0.89586,0.87572,0
2023-02-14,0.88184,0.89586,0.87672,0
2023-02-15,0.8882,0.89586,0.87672,0
2023-02-16,0.89073,0.89586,0.87672,0
2023-02-17,0.88808,0.89586,0.87672,0
2023-02-19,0.8882,0.89586,0.87672,0
2023-02-20,0.88738,0.89586,0.87672,0
2023-02-21,0.87963,0.89586,0.87854,0
2023-02-22,0.88035,0.89586,0.87963,0
2023-02-23,0.88189,0.89586,0.87963,0
2023-02-24,0.88322,0.89586,0.87963,0
2023-02-26,0.88314,0.89586,0.87963,0
2023-02-27,0.87958,0.89586,0.87958,0
2023-02-28,0.87901,0.89215,0.87901,0
2023-03-01,0.88705,0.89073,0.87901,0
2023-03-02,0.88692,0.89073,0.87901,0
2023-03-03,0.88296,0.89073,0.87901,0
2023-03-05,0.88344,0.89073,0.87901,0
2023-03-06,0.8886,0.89073,0.87901,0
2023-03-07,0.89188,0.89188,0.87901,0
2023-03-08,0.89026,0.89188,0.87901,0
2023-03-09,0.88784,0.89188,0.87901,0
2023-03-10,0.88417,0.89188,0.87901,0
2023-03-12,0.8845,0.89188,0.87901,0
2023-03-13,0.88132,0.89188,0.87901,0
2023-03-14,0.88284,0.89188,0.87901,0
2023-03-15,0.87692,0.89188,0.87692,0
2023-03-16,0.87643,0.89188,0.87643,0
2023-03-17,0.87556,0.89188,0.87556,0
2023-03-19,0.87642,0.89188,0.87556,0
2023-03-20,0.87327,0.89188,0.87327,0
2023-03-21,0.88119,0.89188,0.87327,0
2023-03-22,0.88528,0.89188,0.87327,0
2023-03-23,0.88226,0.89188,0.87327,0
2023-03-24,0.8798,0.89188,0.87327,0
2023-03-26,0.88018,0.89188,0.87327,0
2023-03-27,0.87885,0.89188,0.87327,0
2023-03-28,0.87908,0.89188,0.87327,0
2023-03-29,0.8808,0.89188,0.87327,0
2023-03-30,0.88032,0.89026,0.87327,0
2023-03-31,0.87924,0.88784,0.87327,0
2023-04-02,0.87926,0.88528,0.87327,0
2023-04-03,0.87814,0.88528,0.87327,0
2023-04-04,0.8767,0.88528,0.87327,0
2023-04-05,0.87484,0.88528,0.87327,0
2023-04-06,0.87792,0.88528,0.87327,0
2023-04-07,0.87761,0.88528,0.87327,0
2023-04-09,0.87786,0.88528,0.87327,0
2023-04-10,0.87714,0.88528,0.87327,0
2023-04-11,0.87825,0.88528,0.87327,0
2023-04-12,0.88032,0.88528,0.87484,0
2023-04-13,0.8824,0.88528,0.87484,0
2023-04-14,0.88562,0.88562,0.87484,0
2023-04-16,0.88574,0.88574,0.87484,0
2023-04-17,0.8829,0.88574,0.87484,0
2023-04-18,0.88332,0.88574,0.87484,0
2023-04-19,0.88121,0.88574,0.87484,0
2023-04-20,0.88161,0.88574,0.87484,0
2023-04-21,0.8833,0.88574,0.87484,0
2023-04-23,0.88304,0.88574,0.87484,0
2023-04-24,0.88463,0.88574,0.87484,0
2023-04-25,0.8843,0.88574,0.87484,0
2023-04-26,0.8857,0.88574,0.87484,0
2023-04-27,0.88274,0.88574,0.87484,0
2023-04-28,0.87658,0.88574,0.87658,0
2023-04-30,0.87678,0.88574,0.87658,0
2023-05-01,0.87858,0.88574,0.87658,0
2023-05-02,0.88254,0.88574,0.87658,0
2023-05-03,0.88071,0.88574,0.87658,0
2023-05-04,0.87607,0.88574,0.87607,0
2023-05-05,0.8724,0.88574,0.8724,0
2023-05-07,0.8724,0.88574,0.8724,0
2023-05-08,0.87187,0.88574,0.87187,0
2023-05-09,0.86856,0.8857,0.86856,0
2023-05-10,0.86992,0.8857,0.86856,0
2023-05-11,0.87247,0.8857,0.86856,0
2023-05-12,0.87158,0.8857,0.86856,0
2023-05-14,0.87162,0.8857,0.86856,0
2023-05-15,0.86816,0.8857,0.86816,0
2023-05-16,0.87033,0.8857,0.86816,0
2023-05-17,0.86825,0.8857,0.86816,0
2023-05-18,0.86816,0.8857,0.86816,0
2023-05-19,0.86833,0.88274,0.86816,0
2023-05-21,0.86846,0.88254,0.86816,0
2023-05-22,0.86942,0.88254,0.86816,0
2023-05-23,0.86735,0.88254,0.86735,0
2023-05-24,0.8695,0.88254,0.86735,0
2023-05-25,0.8707,0.88071,0.86735,0
2023-05-26,0.8686,0.87607,0.86735,0
2023-05-28,0.86848,0.87247,0.86735,0
2023-05-29,0.86712,0.87247,0.86712,0
2023-05-30,0.8646,0.87247,0.8646,0
2023-05-31,0.85925,0.87247,0.85925,0
2023-06-01,0.85902,0.87247,0.85902,0
2023-06-02,0.86006,0.87247,0.85902,0
2023-06-04,0.86055,0.87162,0.85902,0
2023-06-05,0.86157,0.87162,0.85902,0
2023-06-06,0.86074,0.8707,0.85902,0
2023-06-07,0.86038,0.8707,0.85902,0
2023-06-08,0.85856,0.8707,0.85856,0
2023-06-09,0.85453,0.8707,0.85453,0
2023-06-11,0.85455,0.8707,0.85453,0
2023-06-12,0.85996,0.8707,0.85453,0
2023-06-13,0.85587,0.8707,0.85453,0
2023-06-14,0.85573,0.8707,0.85453,0
2023-06-15,0.85614,0.8707,0.85453,0
2023-06-16,0.85338,0.8707,0.85338,0
2023-06-18,0.85262,0.8686,0.85262,0
2023-06-19,0.85386,0.86848,0.85262,0
2023-06-20,0.85544,0.86712,0.85262,0
2023-06-21,0.8607,0.8646,0.85262,0
2023-06-22,0.85948,0.86157,0.85262,0
2023-06-23,0.85686,0.86157,0.85262,0
2023-06-25,0.8568,0.86157,0.85262,0
2023-06-26,0.85832,0.86157,0.85262,0
2023-06-27,0.85972,0.86157,0.85262,0
2023-06-28,0.86342,0.86342,0.85262,0
2023-06-29,0.86157,0.86342,0.85262,0
2023-06-30,0.85936,0.86342,0.85262,0
2023-07-02,0.8593,0.86342,0.85262,0
2023-07-03,0.85978,0.86342,0.85262,0
2023-07-04,0.85571,0.86342,0.85262,0
2023-07-05,0.85446,0.86342,0.85262,0
2023-07-06,0.85466,0.86342,0.85262,0
2023-07-07,0.8542,0.86342,0.85262,0
2023-07-09,0.85427,0.86342,0.85262,0
2023-07-10,0.85554,0.86342,0.85262,0
2023-07-11,0.85154,0.86342,0.85154,0
2023-07-12,0.85722,0.86342,0.85154,0
2023-07-13,0.8549,0.86342,0.85154,0
2023-07-14,0.85736,0.86342,0.85154,0
2023-07-16,0.85773,0.86342,0.85154,0
2023-07-17,0.85966,0.86342,0.85154,0
2023-07-18,0.86148,0.86342,0.85154,0
2023-07-19,0.86612,0.86612,0.85154,0
2023-07-20,0.865,0.86612,0.85154,0
2023-07-21,0.86569,0.86612,0.85154,0
2023-07-23,0.86554,0.86612,0.85154,0
2023-07-24,0.86348,0.86612,0.85154,0
2023-07-25,0.85704,0.86612,0.85154,0
2023-07-26,0.85698,0.86612,0.85154,0
2023-07-27,0.8581,0.86612,0.85154,0
2023-07-28,0.85742,0.86612,0.85154,0
2023-07-30,0.85766,0.86612,0.85154,0
2023-07-31,0.85701,0.86612,0.85154,0
2023-08-01,0.86034,0.86612,0.85154,0
2023-08-02,0.86042,0.86612,0.85154,0
2023-08-03,0.86124,0.86612,0.8549,0
2023-08-04,0.86278,0.86612,0.8549,0
2023-08-06,0.86302,0.86612,0.85698,0
2023-08-07,0.86085,0.86612,0.85698,0
2023-08-08,0.85996,0.86612,0.85698,0
2023-08-09,0.863,0.86612,0.85698,0
2023-08-10,0.86676,0.86676,0.85698,0
2023-08-11,0.8623,0.86676,0.85698,0
2023-08-13,0.86205,0.86676,0.85698,0
2023-08-14,0.85987,0.86676,0.85698,0
2023-08-15,0.85856,0.86676,0.85698,0
2023-08-16,0.8544,0.86676,0.8544,0
2023-08-17,0.85306,0.86676,0.85306,0
2023-08-18,0.85348,0.86676,0.85306,0
2023-08-20,0.85353,0.86676,0.85306,0
2023-08-21,0.85408,0.86676,0.85306,0
2023-08-22,0.85198,0.86676,0.85198,0
2023-08-23,0.85424,0.86676,0.85198,0
2023-08-24,0.8576,0.86676,0.85198,0
2023-08-25,0.8582,0.86676,0.85198,0
2023-08-27,0.8576,0.86676,0.85198,0
2023-08-28,0.85843,0.86676,0.85198,0
2023-08-29,0.8602,0.86676,0.85198,0
2023-08-30,0.8598,0.86676,0.85198,0
2023-08-31,0.85569,0.86676,0.85198,0
2023-09-01,0.85628,0.86676,0.85198,0
2023-09-03,0.85582,0.8623,0.85198,0
2023-09-04,0.85492,0.86205,0.85198,0
2023-09-05,0.85323,0.8602,0.85198,0
2023-09-06,0.858,0.8602,0.85198,0
2023-09-07,0.85748,0.8602,0.85198,0
2023-09-08,0.85868,0.8602,0.85198,0
2023-09-10,0.8581,0.8602,0.85198,0
2023-09-11,0.85927,0.8602,0.85198,0
2023-09-12,0.86085,0.86085,0.85198,0
2023-09-13,0.85934,0.86085,0.85198,0
2023-09-14,0.85762,0.86085,0.85323,0
2023-09-15,0.8606,0.86085,0.85323,0
2023-09-17,0.86051,0.86085,0.85323,0
2023-09-18,0.86346,0.86346,0.85323,0
2023-09-19,0.86186,0.86346,0.85323,0
2023-09-20,0.86394,0.86394,0.85323,0
2023-09-21,0.86719,0.86719,0.85323,0
2023-09-22,0.8697,0.8697,0.85323,0
2023-09-24,0.86987,0.86987,0.85323,0
2023-09-25,0.86726,0.86987,0.85323,0
2023-09-26,0.87018,0.87018,0.85323,0
2023-09-27,0.86566,0.87018,0.85323,0
2023-09-28,0.86546,0.87018,0.85748,0
2023-09-29,0.86643,0.87018,0.85748,0
2023-10-01,0.8664,0.87018,0.85762,0
2023-10-02,0.86682,0.87018,0.85762,0
2023-10-03,0.8668,0.87018,0.85762,0
2023-10-04,0.8657,0.87018,0.85762,0
2023-10-05,0.86536,0.87018,0.85762,0
2023-10-06,0.86516,0.87018,0.85762,0
2023-10-08,0.8647,0.87018,0.86051,0
2023-10-09,0.8636,0.87018,0.86051,0
2023-10-10,0.86289,0.87018,0.86186,0
2023-10-11,0.86264,0.87018,0.86186,0
2023-10-12,0.86483,0.87018,0.86264,0
2023-10-13,0.86544,0.87018,0.86264,0
2023-10-15,0.86566,0.87018,0.86264,0
2023-10-16,0.8643,0.87018,0.86264,0
2023-10-17,0.86818,0.87018,0.86264,0
2023-10-18,0.86794,0.87018,0.86264,0
2023-10-19,0.87238,0.87238,0.86264,0
2023-10-20,0.87101,0.87238,0.86264,0
2023-10-22,0.87063,0.87238,0.86264,0
2023-10-23,0.87108,0.87238,0.86264,0
2023-10-24,0.87116,0.87238,0.86264,0
2023-10-25,0.8731,0.8731,0.86264,0
2023-10-26,0.87044,0.8731,0.86264,0
2023-10-27,0.87176,0.8731,0.86264,0
2023-10-29,0.87197,0.8731,0.86264,0
2023-10-30,0.87258,0.8731,0.86264,0
2023-10-31,0.87062,0.8731,0.86264,0
2023-11-01,0.8691,0.8731,0.86264,0
2023-11-02,0.87089,0.8731,0.86264,0
2023-11-03,0.8664,0.8731,0.8643,0
2023-11-05,0.86738,0.8731,0.8643,0
2023-11-06,0.86833,0.8731,0.8643,0
2023-11-07,0.8702,0.8731,0.8643,0
2023-11-08,0.87188,0.8731,0.8664,0
2023-11-09,0.87318,0.87318,0.8664,0
2023-11-10,0.87395,0.87395,0.8664,0
2023-11-12,0.87416,0.87416,0.8664,0
2023-11-13,0.87144,0.87416,0.8664,0
2023-11-14,0.8707,0.87416,0.8664,0
2023-11-15,0.87384,0.87416,0.8664,0
2023-11-16,0.87425,0.87425,0.8664,0
2023-11-17,0.87578,0.87578,0.8664,0
2023-11-19,0.87573,0.87578,0.8664,0
2023-11-20,0.875,0.87578,0.8664,0
2023-11-21,0.87036,0.87578,0.8664,0
2023-11-22,0.87179,0.87578,0.8664,0
2023-11-23,0.87003,0.87578,0.8664,0
2023-11-24,0.8682,0.87578,0.8664,0
2023-11-26,0.86826,0.87578,0.8664,0
2023-11-27,0.86738,0.87578,0.86738,0
2023-11-28,0.8656,0.87578,0.8656,0
2023-11-29,0.8644,0.87578,0.8644,0
2023-11-30,0.86232,0.87578,0.86232,0
2023-12-01,0.85618,0.87578,0.85618,0
2023-12-03,0.85645,0.87578,0.85618,0
2023-12-04,0.85784,0.87578,0.85618,0
2023-12-05,0.85702,0.87578,0.85618,0
2023-12-06,0.85731,0.87578,0.85618,0
2023-12-07,0.85718,0.87578,0.85618,0
2023-12-08,0.85766,0.87578,0.85618,0
2023-12-10,0.85752,0.87578,0.85618,0
2023-12-11,0.85754,0.87573,0.85618,0
2023-12-12,0.85913,0.875,0.85618,0
2023-12-13,0.86224,0.87179,0.85618,0
2023-12-14,0.86082,0.87179,0.85618,0
2023-12-15,0.85937,0.87003,0.85618,0
2023-12-17,0.85982,0.86826,0.85618,0
2023-12-18,0.86332,0.86826,0.85618,0
2023-12-19,0.86248,0.86738,0.85618,0
2023-12-20,0.86576,0.86576,0.85618,0
2023-12-21,0.86778,0.86778,0.85618,0
2023-12-22,0.86742,0.86778,0.85618,0
2023-12-25,0.86738,0.86778,0.85618,0
2023-12-26,0.86768,0.86778,0.85645,0
2023-12-27,0.86781,0.86781,0.85702,0
2023-12-28,0.86909,0.86909,0.85702,0
2023-12-29,0.86711,0.86909,0.85718,0
2024-01-01,0.8671,0.86909,0.85718,0
2024-01-02,0.8668,0.86909,0.85752,0
2024-01-03,0.86216,0.86909,0.85752,0
2024-01-04,0.86318,0.86909,0.85754,0
2024-01-05,0.86038,0.86909,0.85913,0
2024-01-07,0.86036,0.86909,0.85937,0
2024-01-08,0.85936,0.86909,0.85936,0
2024-01-09,0.86004,0.86909,0.85936,0
2024-01-10,0.86108,0.86909,0.85936,0
2024-01-11,0.85944,0.86909,0.85936,0
2024-01-12,0.85866,0.86909,0.85866,0
2024-01-14,0.8594,0.86909,0.85866,0
2024-01-15,0.86074,0.86909,0.85866,0
2024-01-16,0.8608,0.86909,0.85866,0
2024-01-17,0.85874,0.86909,0.85866,0
2024-01-18,0.85592,0.86909,0.85592,0
2024-01-19,0.85778,0.86909,0.85592,0
2024-01-21,0.85774,0.86909,0.85592,0
2024-01-22,0.85604,0.86711,0.85592,0
2024-01-23,0.85549,0.8671,0.85549,0
2024-01-24,0.85557,0.8668,0.85549,0
2024-01-25,0.85356,0.86318,0.85356,0
2024-01-26,0.85452,0.86318,0.85356,0
2024-01-28,0.85396,0.86108,0.85356,0
2024-01-29,0.85224,0.86108,0.85224,0
2024-01-30,0.85414,0.86108,0.85224,0
2024-01-31,0.85212,0.86108,0.85212,0
2024-02-01,0.85316,0.86108,0.85212,0
2024-02-02,0.854,0.8608,0.85212,0
2024-02-04,0.85408,0.8608,0.85212,0
2024-02-05,0.85698,0.8608,0.85212,0
2024-02-06,0.85349,0.8608,0.85212,0
2024-02-07,0.85338,0.8608,0.85212,0
2024-02-08,0.854,0.85874,0.85212,0
2024-02-09,0.85399,0.85778,0.85212,0
2024-02-11,0.85448,0.85778,0.85212,0
2024-02-12,0.85311,0.85774,0.85212,0
2024-02-13,0.85054,0.85698,0.85054,0
2024-02-14,0.85396,0.85698,0.85054,0
2024-02-15,0.8551,0.85698,0.85054,0
2024-02-16,0.85527,0.85698,0.85054,0
2024-02-18,0.85516,0.85698,0.85054,0
2024-02-19,0.85605,0.85698,0.85054,0
2024-02-20,0.85624,0.85698,0.85054,0
2024-02-21,0.85618,0.85698,0.85054,0
2024-02-22,0.85496,0.85698,0.85054,0
2024-02-23,0.85402,0.85698,0.85054,0
2024-02-25,0.85386,0.85698,0.85054,0
2024-02-26,0.85546,0.85698,0.85054,0
2024-02-27,0.855,0.85698,0.85054,0
2024-02-28,0.85604,0.85624,0.85054,0
2024-02-29,0.85581,0.85624,0.85054,0
2024-03-01,0.8566,0.8566,0.85054,0
2024-03-03,0.85636,0.8566,0.85054,0
2024-03-04,0.85538,0.8566,0.85054,0
2024-03-05,0.85451,0.8566,0.85054,0
2024-03-06,0.85584,0.8566,0.85054,0
2024-03-07,0.85464,0.8566,0.85386,0
2024-03-08,0.85074,0.8566,0.85074,0
2024-03-10,0.85122,0.8566,0.85074,0
2024-03-11,0.85274,0.8566,0.85074,0
2024-03-12,0.854,0.8566,0.85074,0
2024-03-13,0.85564,0.8566,0.85074,0
2024-03-14,0.8539,0.8566,0.85074,0
2024-03-15,0.85491,0.8566,0.85074,0
2024-03-17,0.85487,0.8566,0.85074,0
2024-03-18,0.85439,0.8566,0.85074,0
2024-03-19,0.85406,0.8566,0.85074,0
2024-03-20,0.8546,0.8566,0.85074,0
2024-03-21,0.85794,0.85794,0.85074,0
2024-03-22,0.85775,0.85794,0.85074,0
2024-03-24,0.8579,0.85794,0.85074,0
2024-03-25,0.85762,0.85794,0.85074,0
2024-03-26,0.85783,0.85794,0.85074,0
2024-03-27,0.85699,0.85794,0.85074,0
2024-03-28,0.855,0.85794,0.85074,0
2024-03-29,0.85519,0.85794,0.85074,0
2024-03-31,0.85406,0.85794,0.85074,0
2024-04-01,0.85583,0.85794,0.85122,0
2024-04-02,0.85624,0.85794,0.85274,0
2024-04-03,0.85668,0.85794,0.8539,0
2024-04-04,0.85736,0.85794,0.8539,0
2024-04-05,0.85747,0.85794,0.8539,0
2024-04-07,0.85788,0.85794,0.85406,0
2024-04-08,0.85814,0.85814,0.85406,0
2024-04-09,0.85658,0.85814,0.85406,0
2024-04-10,0.8568,0.85814,0.85406,0
2024-04-11,0.85435,0.85814,0.85406,0
2024-04-12,0.85468,0.85814,0.85406,0
2024-04-14,0.85445,0.85814,0.85406,0
2024-04-15,0.85368,0.85814,0.85368,0
2024-04-16,0.85445,0.85814,0.85368,0
2024-04-17,0.85674,0.85814,0.85368,0
2024-04-18,0.85587,0.85814,0.85368,0
2024-04-19,0.86149,0.86149,0.85368,0
2024-04-21,0.86119,0.86149,0.85368,0
2024-04-22,0.86268,0.86268,0.85368,0
2024-04-23,0.85936,0.86268,0.85368,0
2024-04-24,0.8588,0.86268,0.85368,0
2024-04-25,0.85764,0.86268,0.85368,0
2024-04-26,0.85588,0.86268,0.85368,0
2024-04-28,0.85589,0.86268,0.85368,0
2024-04-29,0.85314,0.86268,0.85314,0
2024-04-30,0.85405,0.86268,0.85314,0
2024-05-01,0.85492,0.86268,0.85314,0
2024-05-02,0.85572,0.86268,0.85314,0
2024-05-03,0.8578,0.86268,0.85314,0
2024-05-05,0.85786,0.86268,0.85314,0
2024-05-06,0.85732,0.86268,0.85314,0
2024-05-07,0.85988,0.86268,0.85314,0
2024-05-08,0.86022,0.86268,0.85314,0
2024-05-09,0.86086,0.86268,0.85314,0
2024-05-10,0.85998,0.86268,0.85314,0
2024-05-12,0.8601,0.86268,0.85314,0
2024-05-13,0.85924,0.86268,0.85314,0
2024-05-14,0.85934,0.86268,0.85314,0
2024-05-15,0.8581,0.86086,0.85314,0
2024-05-16,0.85766,0.86086,0.85314,0
2024-05-17,0.8559,0.86086,0.85314,0
2024-05-19,0.8557,0.86086,0.85314,0
2024-05-20,0.8545,0.86086,0.85314,0
2024-05-21,0.85402,0.86086,0.85314,0
2024-05-22,0.85102,0.86086,0.85102,0
2024-05-23,0.85181,0.86086,0.85102,0
2024-05-24,0.85153,0.86086,0.85102,0
2024-05-26,0.85179,0.86086,0.85102,0
2024-05-27,0.8504,0.86086,0.8504,0
2024-05-28,0.85057,0.86086,0.8504,0
2024-05-29,0.85064,0.86086,0.8504,0
2024-05-30,0.85093,0.86086,0.8504,0
2024-05-31,0.85146,0.86086,0.8504,0
2024-06-02,0.85156,0.8601,0.8504,0
2024-06-03,0.85146,0.8601,0.8504,0
2024-06-04,0.85197,0.85934,0.8504,0
2024-06-05,0.84998,0.85934,0.84998,0
2024-06-06,0.85142,0.8581,0.84998,0
2024-06-07,0.84918,0.85766,0.84918,0
2024-06-09,0.84686,0.8559,0.84686,0
2024-06-10,0.84579,0.8557,0.84579,0
2024-06-11,0.84304,0.8545,0.84304,0
2024-06-12,0.84499,0.85402,0.84304,0
2024-06-13,0.84194,0.85197,0.84194,0
2024-06-14,0.8437,0.85197,0.84194,0
2024-06-16,0.84386,0.85197,0.84194,0
2024-06-17,0.84476,0.85197,0.84194,0
2024-06-18,0.84511,0.85197,0.84194,0
2024-06-19,0.84488,0.85197,0.84194,0
2024-06-20,0.84568,0.85197,0.84194,0
2024-06-21,0.84573,0.85197,0.84194,0
2024-06-23,0.84568,0.85197,0.84194,0
2024-06-24,0.84624,0.85197,0.84194,0
2024-06-25,0.8443,0.85197,0.84194,0
2024-06-26,0.8462,0.85197,0.84194,0
2024-06-27,0.84686,0.85142,0.84194,0
2024-06-28,0.84722,0.85142,0.84194,0
2024-06-30,0.84872,0.84918,0.84194,0
2024-07-01,0.84908,0.84908,0.84194,0
2024-07-02,0.84714,0.84908,0.84194,0
2024-07-03,0.84656,0.84908,0.84194,0
2024-07-04,0.84756,0.84908,0.84194,0
2024-07-05,0.84594,0.84908,0.84194,0
2024-07-07,0.84536,0.84908,0.8437,0
2024-07-08,0.84514,0.84908,0.84386,0
2024-07-09,0.84566,0.84908,0.8443,0
2024-07-10,0.84282,0.84908,0.84282,0
2024-07-11,0.84142,0.84908,0.84142,0
2024-07-12,0.83968,0.84908,0.83968,0
2024-07-14,0.8395,0.84908,0.8395,0
2024-07-15,0.84033,0.84908,0.8395,0
2024-07-16,0.84008,0.84908,0.8395,0
2024-07-17,0.84104,0.84908,0.8395,0
2024-07-18,0.8418,0.84908,0.8395,0
2024-07-19,0.84271,0.84908,0.8395,0
2024-07-21,0.84276,0.84908,0.8395,0
2024-07-22,0.8421,0.84908,0.8395,0
2024-07-23,0.84102,0.84908,0.8395,0
2024-07-24,0.84029,0.84756,0.8395,0
2024-07-25,0.84412,0.84756,0.8395,0
2024-07-26,0.84374,0.84756,0.8395,0
2024-07-28,0.8435,0.84594,0.8395,0
2024-07-29,0.84132,0.84566,0.8395,0
2024-07-30,0.8425,0.84566,0.8395,0
2024-07-31,0.84214,0.84566,0.8395,0
2024-08-01,0.84748,0.84748,0.8395,0
2024-08-02,0.85213,0.85213,0.8395,0
2024-08-04,0.85321,0.85321,0.8395,0
2024-08-05,0.85633,0.85633,0.8395,0
2024-08-06,0.86136,0.86136,0.84008,0
2024-08-07,0.86162,0.86162,0.84008,0
2024-08-08,0.85636,0.86162,0.84029,0
2024-08-09,0.85558,0.86162,0.84029,0
2024-08-11,0.85602,0.86162,0.84029,0
2024-08-12,0.85636,0.86162,0.84029,0
2024-08-13,0.85467,0.86162,0.84029,0
2024-08-14,0.85864,0.86162,0.84029,0
2024-08-15,0.85326,0.86162,0.84029,0
2024-08-16,0.8519,0.86162,0.84132,0
2024-08-18,0.85158,0.86162,0.84132,0
2024-08-19,0.85344,0.86162,0.84132,0
2024-08-20,0.85378,0.86162,0.84132,0
2024-08-21,0.85207,0.86162,0.84214,0
2024-08-22,0.84882,0.86162,0.84214,0
2024-08-23,0.84693,0.86162,0.84693,0
2024-08-25,0.84679,0.86162,0.84679,0
2024-08-26,0.84634,0.86162,0.84634,0
2024-08-27,0.84324,0.86162,0.84324,0
2024-08-28,0.84322,0.86162,0.84322,0
2024-08-29,0.84162,0.86162,0.84162,0
2024-08-30,0.84158,0.85864,0.84158,0
2024-09-01,0.8412,0.85864,0.8412,0
2024-09-02,0.84224,0.85864,0.8412,0
2024-09-03,0.84258,0.85864,0.8412,0
2024-09-04,0.84298,0.85864,0.8412,0
2024-09-05,0.84329,0.85864,0.8412,0
2024-09-06,0.84422,0.85378,0.8412,0
2024-09-08,0.8443,0.85378,0.8412,0
2024-09-09,0.8443,0.85378,0.8412,0
2024-09-10,0.84252,0.85378,0.8412,0
2024-09-11,0.84449,0.85378,0.8412,0
2024-09-12,0.84362,0.85207,0.8412,0
2024-09-13,0.84394,0.84882,0.8412,0
2024-09-15,0.84411,0.84693,0.8412,0
2024-09-16,0.84247,0.84679,0.8412,0
2024-09-17,0.84471,0.84634,0.8412,0
2024-09-18,0.84178,0.84471,0.8412,0
2024-09-19,0.84025,0.84471,0.84025,0
2024-09-20,0.83789,0.84471,0.83789,0
2024-09-22,0.8383,0.84471,0.83789,0
2024-09-23,0.83238,0.84471,0.83238,0
2024-09-24,0.83348,0.84471,0.83238,0
2024-09-25,0.83594,0.84471,0.83238,0
2024-09-26,0.83345,0.84471,0.83238,0
2024-09-27,0.83474,0.84471,0.83238,0
2024-09-29,0.8346,0.84471,0.83238,0
2024-09-30,0.8325,0.84471,0.83238,0
2024-10-01,0.83355,0.84471,0.83238,0
2024-10-02,0.83285,0.84471,0.83238,0
2024-10-03,0.84054,0.84471,0.83238,0
2024-10-04,0.83618,0.84471,0.83238,0
2024-10-06,0.83598,0.84471,0.83238,0
2024-10-07,0.83874,0.84471,0.83238,0
2024-10-08,0.83824,0.84471,0.83238,0
2024-10-09,0.83738,0.84471,0.83238,0
2024-10-10,0.8371,0.84178,0.83238,0
2024-10-11,0.83694,0.84054,0.83238,0
2024-10-13,0.83712,0.84054,0.83238,0
2024-10-14,0.83485,0.84054,0.83238,0
2024-10-15,0.83303,0.84054,0.83238,0
2024-10-16,0.8359,0.84054,0.8325,0
2024-10-17,0.83206,0.84054,0.83206,0
2024-10-18,0.83265,0.84054,0.83206,0
2024-10-20,0.83268,0.84054,0.83206,0
2024-10-21,0.83305,0.84054,0.83206,0
2024-10-22,0.83172,0.84054,0.83172,0
2024-10-23,0.83468,0.84054,0.83172,0
2024-10-24,0.8344,0.84054,0.83172,0
2024-10-25,0.83289,0.84054,0.83172,0
2024-10-27,0.83321,0.83874,0.83172,0
2024-10-28,0.83374,0.83874,0.83172,0
2024-10-29,0.83156,0.83874,0.83156,0
2024-10-30,0.83794,0.83824,0.83156,0
2024-10-31,0.84392,0.84392,0.83156,0
2024-11-01,0.8386,0.84392,0.83156,0
2024-11-03,0.83942,0.84392,0.83156,0
2024-11-04,0.8394,0.84392,0.83156,0
2024-11-05,0.83832,0.84392,0.83156,0
2024-11-06,0.83306,0.84392,0.83156,0
2024-11-07,0.8315,0.84392,0.8315,0
2024-11-08,0.82966,0.84392,0.82966,0
2024-11-10,0.8295,0.84392,0.8295,0
2024-11-11,0.82828,0.84392,0.82828,0
2024-11-12,0.83352,0.84392,0.82828,0
2024-11-13,0.83147,0.84392,0.82828,0
2024-11-14,0.83128,0.84392,0.82828,0
2024-11-15,0.83508,0.84392,0.82828,0
2024-11-17,0.83494,0.84392,0.82828,0
2024-11-18,0.83564,0.84392,0.82828,0
2024-11-19,0.83559,0.84392,0.82828,0
2024-11-20,0.8333,0.84392,0.82828,0
2024-11-21,0.83188,0.84392,0.82828,0
2024-11-22,0.8314,0.84392,0.82828,0
2024-11-24,0.83214,0.83942,0.82828,0
2024-11-25,0.83338,0.83942,0.82828,0
2024-11-26,0.8344,0.8394,0.82828,0
2024-11-27,0.83316,0.83832,0.82828,0
2024-11-28,0.83182,0.83564,0.82828,0
2024-11-29,0.83052,0.83564,0.82828,0
2024-12-01,0.83013,0.83564,0.82828,0
2024-12-02,0.82956,0.83564,0.82828,0
2024-12-03,0.82926,0.83564,0.82828,0
2024-12-04,0.82769,0.83564,0.82769,0
2024-12-05,0.82965,0.83564,0.82769,0
2024-12-06,0.8293,0.83564,0.82769,0
2024-12-08,0.8288,0.83564,0.82769,0
2024-12-09,0.82788,0.83564,0.82769,0
2024-12-10,0.82408,0.83564,0.82408,0
2024-12-11,0.82298,0.83559,0.82298,0
2024-12-12,0.8262,0.8344,0.82298,0
2024-12-13,0.83211,0.8344,0.82298,0
2024-12-15,0.83234,0.8344,0.82298,0
2024-12-16,0.82876,0.8344,0.82298,0
2024-12-17,0.82567,0.8344,0.82298,0
2024-12-18,0.82361,0.8344,0.82298,0
2024-12-19,0.82933,0.83316,0.82298,0
2024-12-20,0.82991,0.83234,0.82298,0
2024-12-22,0.83,0.83234,0.82298,0
2024-12-23,0.83016,0.83234,0.82298,0
2024-12-24,0.82944,0.83234,0.82298,0
2024-12-25,0.82904,0.83234,0.82298,0
2024-12-26,0.83188,0.83234,0.82298,0
2024-12-27,0.82874,0.83234,0.82298,0
2024-12-29,0.8292,0.83234,0.82298,0
2024-12-30,0.82926,0.83234,0.82298,0
2024-12-31,0.82743,0.83234,0.82298,0
2025-01-01,0.82677,0.83234,0.82298,0
2025-01-02,0.82942,0.83234,0.82298,0
2025-01-03,0.82988,0.83234,0.82361,0
2025-01-05,0.82943,0.83234,0.82361,0
2025-01-06,0.83002,0.83234,0.82361,0
2025-01-07,0.82892,0.83188,0.82361,0
2025-01-08,0.8345,0.8345,0.82361,0
2025-01-09,0.83723,0.83723,0.82361,0
2025-01-10,0.83922,0.83922,0.82677,0
2025-01-12,0.83933,0.83933,0.82677,0
2025-01-13,0.83914,0.83933,0.82677,0
2025-01-14,0.84402,0.84402,0.82677,0
2025-01-15,0.84093,0.84402,0.82677,0
2025-01-16,0.84199,0.84402,0.82677,0
2025-01-17,0.844,0.84402,0.82677,0
2025-01-19,0.8444,0.8444,0.82677,0
2025-01-20,0.84502,0.84502,0.82677,0
2025-01-21,0.84339,0.84502,0.82677,0
2025-01-22,0.84522,0.84522,0.82677,0
2025-01-23,0.84312,0.84522,0.82677,0
2025-01-24,0.8407,0.84522,0.82892,0
2025-01-26,0.84022,0.84522,0.82892,0
2025-01-27,0.83826,0.84522,0.82892,0
2025-01-28,0.83816,0.84522,0.82892,0
2025-01-29,0.83699,0.84522,0.82892,0
2025-01-30,0.83695,0.84522,0.8345,0
2025-01-31,0.83584,0.84522,0.83584,0
2025-02-02,0.83376,0.84522,0.83376,0
2025-02-03,0.83067,0.84522,0.83067,0
2025-02-04,0.83136,0.84522,0.83067,0
2025-02-05,0.83179,0.84522,0.83067,0
2025-02-06,0.83519,0.84522,0.83067,0
2025-02-07,0.83278,0.84522,0.83067,0
2025-02-09,0.83214,0.84522,0.83067,0
2025-02-10,0.8334,0.84522,0.83067,0
2025-02-11,0.8323,0.84522,0.83067,0
2025-02-12,0.83469,0.84522,0.83067,0
2025-02-13,0.83262,0.84522,0.83067,0
2025-02-14,0.83364,0.84312,0.83067,0
2025-02-16,0.83349,0.8407,0.83067,0
2025-02-17,0.83078,0.84022,0.83067,0
2025-02-18,0.82762,0.83826,0.82762,0
2025-02-19,0.82818,0.83816,0.82762,0
2025-02-20,0.82882,0.83699,0.82762,0
2025-02-21,0.82799,0.83695,0.82762,0
2025-02-23,0.82808,0.83584,0.82762,0
2025-02-24,0.82914,0.83519,0.82762,0
2025-02-25,0.83022,0.83519,0.82762,0
2025-02-26,0.82708,0.83519,0.82708,0
2025-02-27,0.82515,0.83519,0.82515,0
2025-02-28,0.82491,0.83519,0.82491,0
2025-03-02,0.82623,0.83469,0.82491,0
2025-03-03,0.82552,0.83469,0.82491,0
2025-03-04,0.83026,0.83469,0.82491,0
2025-03-05,0.8374,0.8374,0.82491,0
2025-03-06,0.83734,0.8374,0.82491,0
2025-03-07,0.83848,0.83848,0.82491,0
2025-03-09,0.83978,0.83978,0.82491,0
2025-03-10,0.84188,0.84188,0.82491,0
2025-03-11,0.8432,0.8432,0.82491,0
2025-03-12,0.83964,0.8432,0.82491,0
2025-03-13,0.83779,0.8432,0.82491,0
2025-03-14,0.84111,0.8432,0.82491,0
2025-03-16,0.84159,0.8432,0.82491,0
2025-03-17,0.84092,0.8432,0.82491,0
2025-03-18,0.84142,0.8432,0.82491,0
2025-03-19,0.83868,0.8432,0.82491,0
2025-03-20,0.83712,0.8432,0.82491,0
2025-03-21,0.83732,0.8432,0.82491,0
2025-03-23,0.83834,0.8432,0.82491,0
2025-03-24,0.83592,0.8432,0.82552,0
2025-03-25,0.83344,0.8432,0.82552,0
2025-03-26,0.8341,0.8432,0.83026,0
2025-03-27,0.83395,0.8432,0.83344,0
2025-03-28,0.83686,0.8432,0.83344,0
2025-03-30,0.8366,0.8432,0.83344,0
2025-03-31,0.83732,0.8432,0.83344,0
2025-04-01,0.83538,0.8432,0.83344,0
2025-04-02,0.83588,0.8432,0.83344,0
2025-04-03,0.84384,0.84384,0.83344,0
2025-04-04,0.84987,0.84987,0.83344,0
2025-04-06,0.85086,0.85086,0.83344,0
2025-04-07,0.85721,0.85721,0.83344,0
2025-04-08,0.85852,0.85852,0.83344,0
2025-04-09,0.85387,0.85852,0.83344,0
2025-04-10,0.86652,0.86652,0.83344,0
2025-04-11,0.86821,0.86821,0.83344,0
2025-04-13,0.86686,0.86821,0.83344,0
2025-04-14,0.8606,0.86821,0.83344,0
2025-04-15,0.85359,0.86821,0.83344,0
2025-04-16,0.86119,0.86821,0.83344,0
2025-04-17,0.85699,0.86821,0.83395,0
2025-04-18,0.85697,0.86821,0.83395,0
2025-04-20,0.8599,0.86821,0.83538,0
2025-04-21,0.86056,0.86821,0.83538,0
2025-04-22,0.85519,0.86821,0.83538,0
2025-04-23,0.85411,0.86821,0.83538,0
2025-04-24,0.85332,0.86821,0.83588,0
2025-04-25,0.85363,0.86821,0.84384,0
2025-04-27,0.85366,0.86821,0.84987,0
2025-04-28,0.84912,0.86821,0.84912,0
2025-04-29,0.84935,0.86821,0.84912,0
2025-04-30,0.85002,0.86821,0.84912,0
2025-05-01,0.85027,0.86821,0.84912,0
2025-05-02,0.85154,0.86821,0.84912,0
2025-05-04,0.85317,0.86821,0.84912,0
2025-05-05,0.85115,0.86686,0.84912,0
2025-05-06,0.84931,0.86119,0.84912,0
2025-05-07,0.85047,0.86119,0.84912,0
2025-05-08,0.848,0.86119,0.848,0
2025-05-09,0.84563,0.86056,0.84563,0
2025-05-11,0.84514,0.86056,0.84514,0
2025-05-12,0.84199,0.86056,0.84199,0
2025-05-13,0.84082,0.86056,0.84082,0
2025-05-14,0.84302,0.85519,0.84082,0
2025-05-15,0.84129,0.85411,0.84082,0
2025-05-16,0.84068,0.85366,0.84068,0
2025-05-18,0.84095,0.85366,0.84068,0
2025-05-19,0.84082,0.85366,0.84068,0
2025-05-20,0.84258,0.85317,0.84068,0
2025-05-21,0.84438,0.85317,0.84068,0
2025-05-22,0.84074,0.85317,0.84068,0
2025-05-23,0.83938,0.85317,0.83938,0
2025-05-25,0.84022,0.85317,0.83938,0
2025-05-26,0.83954,0.85317,0.83938,0
2025-05-27,0.83892,0.85115,0.83892,0
2025-05-28,0.83628,0.85047,0.83628,0
2025-05-29,0.84277,0.85047,0.83628,0
2025-05-30,0.8434,0.848,0.83628,0
2025-06-01,0.84294,0.84563,0.83628,0
2025-06-02,0.84481,0.84514,0.83628,0
2025-06-03,0.84134,0.84481,0.83628,0
2025-06-04,0.84282,0.84481,0.83628,0
2025-06-05,0.84348,0.84481,0.83628,0
2025-06-06,0.84242,0.84481,0.83628,0
2025-06-08,0.8426,0.84481,0.83628,0
2025-06-09,0.84299,0.84481,0.83628,0
2025-06-10,0.84676,0.84676,0.83628,0
2025-06-11,0.84834,0.84834,0.83628,0
2025-06-12,0.85179,0.85179,0.83628,0
2025-06-13,0.85107,0.85179,0.83628,0
2025-06-15,0.85156,0.85179,0.83628,0
2025-06-16,0.85154,0.85179,0.83628,0
2025-06-17,0.85502,0.85502,0.83628,0
2025-06-18,0.85552,0.85552,0.83628,0
2025-06-19,0.85419,0.85552,0.83628,0
2025-06-20,0.85664,0.85664,0.84134,0
2025-06-22,0.85595,0.85664,0.84134,0
2025-06-23,0.85622,0.85664,0.84134,0
2025-06-24,0.85292,0.85664,0.84134,0
2025-06-25,0.85345,0.85664,0.84134,0
2025-06-26,0.85196,0.85664,0.84242,0
2025-06-27,0.85422,0.85664,0.84242,0
2025-06-29,0.85481,0.85664,0.84242,0
2025-06-30,0.85841,0.85841,0.8426,0
2025-07-01,0.8588,0.8588,0.84299,0
2025-07-02,0.8644,0.8644,0.84676,0
2025-07-03,0.86122,0.8644,0.84834,0
2025-07-04,0.86351,0.8644,0.85107,0
2025-07-06,0.86296,0.8644,0.85107,0
2025-07-07,0.8615,0.8644,0.85154,0
2025-07-08,0.86298,0.8644,0.85154,0
2025-07-09,0.8632,0.8644,0.85196,0
2025-07-10,0.86166,0.8644,0.85196,0
2025-07-11,0.86652,0.86652,0.85196,0
2025-07-13,0.86566,0.86652,0.85196,0
2025-07-14,0.86874,0.86874,0.85196,0
2025-07-15,0.86666,0.86874,0.85196,0
2025-07-16,0.86768,0.86874,0.85196,0
2025-07-17,0.8648,0.86874,0.85196,0
2025-07-18,0.86694,0.86874,0.85196,0
2025-07-20,0.86692,0.86874,0.85422,0
2025-07-21,0.86697,0.86874,0.85481,0
2025-07-22,0.86814,0.86874,0.85841,0
2025-07-23,0.86706,0.86874,0.8588,0
2025-07-24,0.87017,0.87017,0.86122,0
2025-07-25,0.87387,0.87387,0.86122,0
2025-07-27,0.87481,0.87481,0.8615,0
2025-07-28,0.86801,0.87481,0.8615,0
2025-07-29,0.86501,0.87481,0.8615,0
2025-07-30,0.86212,0.87481,0.86166,0
2025-07-31,0.86478,0.87481,0.86166,0
2025-08-01,0.87258,0.87481,0.86166,0
2025-08-03,0.87183,0.87481,0.86212,0
2025-08-04,0.87112,0.87481,0.86212,0
2025-08-05,0.87066,0.87481,0.86212,0
2025-08-06,0.87314,0.87481,0.86212,0
2025-08-07,0.86809,0.87481,0.86212,0
2025-08-08,0.8659,0.87481,0.86212,0
2025-08-10,0.86644,0.87481,0.86212,0
2025-08-11,0.86474,0.87481,0.86212,0
2025-08-12,0.86473,0.87481,0.86212,0
2025-08-13,0.86214,0.87481,0.86212,0
2025-08-14,0.8611,0.87481,0.8611,0
2025-08-15,0.86352,0.87481,0.8611,0
2025-08-17,0.86356,0.87481,0.8611,0
2025-08-18,0.8638,0.87481,0.8611,0
2025-08-19,0.8633,0.87314,0.8611,0
2025-08-20,0.8653,0.87314,0.8611,0
2025-08-21,0.86551,0.87314,0.8611,0
2025-08-22,0.86664,0.87314,0.8611,0
2025-08-24,0.86674,0.87314,0.8611,0
2025-08-25,0.86325,0.87314,0.8611,0
2025-08-26,0.86352,0.87314,0.8611,0
2025-08-27,0.86254,0.87314,0.8611,0
2025-08-28,0.86454,0.87314,0.8611,0
2025-08-29,0.86536,0.86809,0.8611,0
2025-08-31,0.86573,0.86674,0.8611,0
2025-09-01,0.8648,0.86674,0.8611,0
2025-09-02,0.86932,0.86932,0.8611,0
2025-09-03,0.86758,0.86932,0.8611,0
2025-09-04,0.86708,0.86932,0.8611,0
2025-09-05,0.86746,0.86932,0.8611,0
2025-09-07,0.86806,0.86932,0.86254,0
2025-09-08,0.86834,0.86932,0.86254,0
2025-09-09,0.86552,0.86932,0.86254,0
2025-09-10,0.86471,0.86932,0.86254,0
2025-09-11,0.86438,0.86932,0.86254,0
2025-09-12,0.8655,0.86932,0.86254,0
2025-09-14,0.8652,0.86932,0.86254,0
2025-09-15,0.86486,0.86932,0.86254,0
2025-09-16,0.86951,0.86951,0.86254,0
2025-09-17,0.86764,0.86951,0.86254,0
2025-09-18,0.86972,0.86972,0.86254,0
2025-09-19,0.872,0.872,0.86438,0
2025-09-21,0.87177,0.872,0.86438,0
2025-09-22,0.8732,0.8732,0.86438,0
2025-09-23,0.87363,0.87363,0.86438,0
2025-09-24,0.87308,0.87363,0.86438,0
2025-09-25,0.87451,0.87451,0.86438,0
2025-09-26,0.87312,0.87451,0.86438,0
2025-09-28,0.87302,0.87451,0.86438,0
2025-09-29,0.87316,0.87451,0.86438,0
2025-09-30,0.87294,0.87451,0.86438,0
2025-10-01,0.87052,0.87451,0.86438,0
2025-10-02,0.87198,0.87451,0.86438,0
2025-10-03,0.8712,0.87451,0.86438,0
2025-10-05,0.87196,0.87451,0.86486,0
2025-10-06,0.86839,0.87451,0.86486,0
2025-10-07,0.86829,0.87451,0.86486,0
2025-10-08,0.86785,0.87451,0.86764,0
2025-10-09,0.8694,0.87451,0.86764,0
2025-10-10,0.86997,0.87451,0.86785,0
2025-10-12,0.86998,0.87451,0.86785,0
2025-10-13,0.8675,0.87451,0.8675,0
2025-10-14,0.87102,0.87451,0.8675,0
2025-10-15,0.86888,0.87451,0.8675,0
2025-10-16,0.87022,0.87451,0.8675,0
2025-10-17,0.86795,0.87451,0.8675,0
2025-10-19,0.86838,0.87316,0.8675,0
2025-10-20,0.86869,0.87316,0.8675,0
2025-10-21,0.86791,0.87316,0.8675,0
2025-10-22,0.86943,0.87294,0.8675,0
2025-10-23,0.87174,0.87198,0.8675,0
2025-10-24,0.87334,0.87334,0.8675,0
2025-10-26,0.8731,0.87334,0.8675,0
2025-10-27,0.87336,0.87336,0.8675,0
2025-10-28,0.8779,0.8779,0.8675,0
2025-10-29,0.87939,0.87939,0.8675,0
2025-10-30,0.8794,0.8794,0.8675,0
2025-10-31,0.87722,0.8794,0.8675,0
2025-11-02,0.87769,0.8794,0.8675,0
2025-11-03,0.87696,0.8794,0.8675,0
2025-11-04,0.88204,0.88204,0.8675,0
2025-11-05,0.88074,0.88204,0.86791,0
2025-11-06,0.87889,0.88204,0.86791,0
2025-11-07,0.87863,0.88204,0.86791,0
2025-11-09,0.8784,0.88204,0.86791,0
2025-11-10,0.87736,0.88204,0.86791,0
2025-11-11,0.88099,0.88204,0.86791,0
2025-11-12,0.88298,0.88298,0.86791,0
2025-11-13,0.88426,0.88426,0.86943,0
2025-11-14,0.88216,0.88426,0.87174,0
2025-11-16,0.88265,0.88426,0.8731,0
2025-11-17,0.88104,0.88426,0.8731,0
2025-11-18,0.88082,0.88426,0.87336,0
2025-11-19,0.88354,0.88426,0.87696,0
2025-11-20,0.88156,0.88426,0.87696,0
2025-11-21,0.87896,0.88426,0.87696,0
2025-11-23,0.8787,0.88426,0.87696,0
2025-11-24,0.87902,0.88426,0.87696,0
2025-11-25,0.87891,0.88426,0.87696,0
2025-11-26,0.87596,0.88426,0.87596,0
2025-11-27,0.87609,0.88426,0.87596,0
2025-11-28,0.87658,0.88426,0.87596,0
2025-11-30,0.87628,0.88426,0.87596,0
2025-12-01,0.8787,0.88426,0.87596,0
2025-12-02,0.87962,0.88426,0.87596,0
2025-12-03,0.87404,0.88426,0.87404,0
2025-12-04,0.87398,0.88426,0.87398,0
2025-12-05,0.8734,0.88426,0.8734,0
2025-12-07,0.87352,0.88354,0.8734,0
2025-12-08,0.8735,0.88354,0.8734,0
2025-12-09,0.87409,0.88354,0.8734,0
2025-12-10,0.87399,0.88354,0.8734,0
2025-12-11,0.87662,0.88354,0.8734,0
2025-12-12,0.878,0.88156,0.8734,0
2025-12-14,0.87802,0.87962,0.8734,0
2025-12-15,0.8785,0.87962,0.8734,0
2025-12-16,0.87516,0.87962,0.8734,0
2025-12-17,0.87798,0.87962,0.8734,0
2025-12-18,0.87607,0.87962,0.8734,0
2025-12-19,0.87538,0.87962,0.8734,0
2025-12-21,0.87526,0.87962,0.8734,0
2025-12-22,0.87346,0.87962,0.8734,0
2025-12-23,0.87285,0.87962,0.87285,0
2025-12-24,0.87194,0.87962,0.87194,0
2025-12-25,0.87238,0.8785,0.87194,0
2025-12-26,0.872,0.8785,0.87194,0
2025-12-28,0.87222,0.8785,0.87194,0
2025-12-29,0.87146,0.8785,0.87146,0
2025-12-30,0.87224,0.8785,0.87146,0
2025-12-31,0.87176,0.8785,0.87146,0
2026-01-01,0.8721,0.8785,0.87146,0
2026-01-02,0.87075,0.8785,0.87075,0
2026-01-04,0.87106,0.8785,0.87075,0
2026-01-05,0.86568,0.8785,0.86568,0
2026-01-06,0.86575,0.8785,0.86568,0
2026-01-07,0.8676,0.87798,0.86568,0
2026-01-08,0.86767,0.87798,0.86568,0
2026-01-09,0.86814,0.87607,0.86568,0
2026-01-11,0.86787,0.87538,0.86568,0
2026-01-12,0.86644,0.87526,0.86568,0
2026-01-13,0.86716,0.87346,0.86568,0
2026-01-14,0.86646,0.87285,0.86568,0
2026-01-15,0.8676,0.87238,0.86568,0
2026-01-16,0.86697,0.87238,0.86568,0
2026-01-18,0.86738,0.87224,0.86568,0
2026-01-19,0.86736,0.87224,0.86568,0
2026-01-20,0.87253,0.87253,0.86568,0
2026-01-21,0.86996,0.87253,0.86568,0
2026-01-22,0.8707,0.87253,0.86568,0
2026-01-23,0.86688,0.87253,0.86568,0
2026-01-25,0.86794,0.87253,0.86568,0
2026-01-26,0.8683,0.87253,0.86568,0
2026-01-27,0.86956,0.87253,0.86568,0
2026-01-28,0.8665,0.87253,0.86575,0
2026-01-29,0.86672,0.87253,0.86644,0
2026-01-30,0.86578,0.87253,0.86578,0
2026-02-01,0.8662,0.87253,0.86578,0
2026-02-02,0.86294,0.87253,0.86294,0
2026-02-03,0.86265,0.87253,0.86265,0
2026-02-04,0.86484,0.87253,0.86265,0
2026-02-05,0.87098,0.87253,0.86265,0
2026-02-06,0.86811,0.87253,0.86265,0
2026-02-08,0.869,0.87253,0.86265,0
2026-02-09,0.87001,0.87253,0.86265,0
2026-02-10,0.872,0.87253,0.86265,0
2026-02-11,0.87166,0.87253,0.86265,0
2026-02-12,0.87156,0.872,0.86265,0
2026-02-13,0.8691,0.872,0.86265,0
2026-02-15,0.86956,0.872,0.86265,0
2026-02-16,0.86961,0.872,0.86265,0
2026-02-17,0.87377,0.87377,0.86265,0
2026-02-18,0.87354,0.87377,0.86265,0
2026-02-19,0.87432,0.87432,0.86265,0
2026-02-20,0.87413,0.87432,0.86265,0
2026-02-22,0.87448,0.87448,0.86265,0
2026-02-23,0.87384,0.87448,0.86265,0
2026-02-24,0.87244,0.87448,0.86265,0
2026-02-25,0.87148,0.87448,0.86265,0
2026-02-26,0.87488,0.87488,0.86484,0
2026-02-27,0.8763,0.8763,0.86811,0
2026-03-01,0.8772,0.8772,0.86811,0
2026-03-02,0.8722,0.8772,0.869,0
2026-03-03,0.86964,0.8772,0.8691,0
2026-03-04,0.87028,0.8772,0.8691,0
2026-03-05,0.86905,0.8772,0.86905,0
2026-03-06,0.86628,0.8772,0.86628,0
2026-03-08,0.86616,0.8772,0.86616,0
2026-03-09,0.86535,0.8772,0.86535,0
2026-03-10,0.86525,0.8772,0.86525,0
2026-03-11,0.86252,0.8772,0.86252,0
2026-03-12,0.86289,0.8772,0.86252,0
2026-03-13,0.86332,0.8772,0.86252,0
2026-03-15,0.86326,0.8772,0.86252,0
2026-03-16,0.86374,0.8772,0.86252,0
2026-03-17,0.86386,0.8772,0.86252,0
2026-03-18,0.86422,0.8772,0.86252,0
2026-03-19,0.86234,0.8772,0.86234,0
2026-03-20,0.86734,0.8772,0.86234,0
2026-03-22,0.86707,0.8772,0.86234,0
2026-03-23,0.86462,0.8772,0.86234,0
2026-03-24,0.86572,0.8722,0.86234,0
2026-03-25,0.86516,0.87028,0.86234,0
2026-03-26,0.86498,0.87028,0.86234,0
2026-03-27,0.86792,0.86905,0.86234,0
2026-03-29,0.86808,0.86808,0.86234,0
2026-03-30,0.86977,0.86977,0.86234,0
2026-03-31,0.87394,0.87394,0.86234,0
2026-04-01,0.87127,0.87394,0.86234,0
2026-04-02,0.87239,0.87394,0.86234,0
2026-04-03,0.87217,0.87394,0.86234,0
2026-04-05,0.87288,0.87394,0.86234,0
2026-04-06,0.87208,0.87394,0.86234,0
2026-04-07,0.87204,0.87394,0.86234,0
2026-04-08,0.87054,0.87394,0.86234,0
2026-04-09,0.8706,0.87394,0.86234,0
2026-04-10,0.87112,0.87394,0.86234,0
2026-04-12,0.87166,0.87394,0.86462,0
2026-04-13,0.87061,0.87394,0.86462,0
2026-04-14,0.86916,0.87394,0.86462,0
2026-04-15,0.86988,0.87394,0.86498,0
2026-04-16,0.87102,0.87394,0.86498,0
2026-04-17,0.87024,0.87394,0.86498,0
2026-04-19,0.87067,0.87394,0.86792,0
2026-04-20,0.87092,0.87394,0.86808,0
2026-04-21,0.86934,0.87394,0.86916,0
2026-04-22,0.8671,0.87394,0.8671,0
2026-04-23,0.86763,0.87288,0.8671,0
2026-04-24,0.8662,0.87288,0.8662,0
2026-04-26,0.86624,0.87288,0.8662,0
2026-04-27,0.86596,0.87288,0.86596,0
2026-04-28,0.86648,0.87208,0.86596,0
2026-04-29,0.86629,0.87204,0.86596,0
2026-04-30,0.86233,0.87166,0.86233,0
2026-05-01,0.86346,0.87166,0.86233,0
2026-05-03,0.86338,0.87166,0.86233,0
2026-05-04,0.86406,0.87166,0.86233,0
2026-05-05,0.86343,0.87102,0.86233,0
2026-05-06,0.86438,0.87102,0.86233,0
2026-05-07,0.8654,0.87102,0.86233,0
2026-05-08,0.86452,0.87102,0.86233,0
2026-05-10,0.86562,0.87092,0.86233,0
2026-05-11,0.86579,0.87092,0.86233,0
2026-05-12,0.867,0.87092,0.86233,0
2026-05-13,0.86614,0.86934,0.86233,0
2026-05-14,0.87088,0.87088,0.86233,0
2026-05-15,0.8725,0.8725,0.86233,0
2026-05-17,0.8726,0.8726,0.86233,0
2026-05-18,0.86774,0.8726,0.86233,0
2026-05-19,0.86644,0.8726,0.86233,0
2026-05-20,0.86533,0.8726,0.86233,0
2026-05-21,0.86496,0.8726,0.86233,0
2026-05-22,0.86385,0.8726,0.86233,0
2026-05-24,0.86356,0.8726,0.86338,0
2026-05-25,0.86218,0.8726,0.86218,0
2026-05-26,0.86486,0.8726,0.86218,0
2026-05-27,0.86596,0.8726,0.86218,0
2026-05-28,0.86674,0.8726,0.86218,0
2026-05-29,0.86667,0.8726,0.86218,0
2026-05-31,0.86602,0.8726,0.86218,0
2026-06-01,0.86445,0.8726,0.86218,0
2026-06-02,0.86384,0.8726,0.86218,0
2026-06-03,0.86463,0.8726,0.86218,0
2026-06-04,0.86512,0.8726,0.86218,0
2026-06-05,0.8637,0.8726,0.86218,0
2026-06-07,0.86406,0.8726,0.86218,0
2026-06-08,0.8646,0.8726,0.86218,0
2026-06-09,0.86268,0.86774,0.86218,0
2026-06-10,0.86332,0.86674,0.86218,0
2026-06-11,0.86294,0.86674,0.86218,0
2026-06-12,0.86279,0.86674,0.86218,0
2026-06-14,0.86271,0.86674,0.86218,0
2026-06-15,0.86403,0.86674,0.86218,0
2026-06-16,0.86478,0.86674,0.86218,0
2026-06-17,0.86514,0.86674,0.86268,0
2026-06-18,0.86796,0.86796,0.86268,0
2026-06-19,0.86664,0.86796,0.86268,0
2026-06-21,0.86788,0.86796,0.86268,0
2026-06-22,0.86261,0.86796,0.86261,0
2026-06-23,0.86208,0.86796,0.86208,0
2026-06-24,0.8625,0.86796,0.86208,0
2026-06-25,0.86155,0.86796,0.86155,0
2026-06-26,0.86272,0.86796,0.86155,0
2026-06-28,0.86276,0.86796,0.86155,0
2026-06-29,0.86162,0.86796,0.86155,0
2026-06-30,0.86138,0.86796,0.86138,0
2026-07-01,0.85682,0.86796,0.85682,0
2026-07-02,0.85637,0.86796,0.85637,0
2026-07-03,0.85652,0.86796,0.85637,0
2026-07-05,0.85654,0.86796,0.85637,0
2026-07-06,0.85422,0.86796,0.85422,0
2026-07-07,0.85426,0.86796,0.85422,0
2026-07-08,0.85274,0.86796,0.85274,0
2026-07-09,0.85236,0.86796,0.85236,0
2026-07-10,0.85179,0.86796,0.85179,0
2026-07-12,0.85194,0.86788,0.85179,0
2026-07-13,0.85271,0.86788,0.85179,0
2026-07-14,0.85279,0.86276,0.85179,0
2026-07-15,0.84721,0.86276,0.84721,0
2026-07-16,0.84918,0.86276,0.84721,0
2026-07-17,0.85031,0.86276,0.84721,0
2026-07-19,0.84995,0.86276,0.84721,0
2026-07-20,0.84995,0.86276,0.84721,0
2026-07-21,0.85228,0.86162,0.84721,0
2026-07-22,0.8532,0.86138,0.84721,0
2026-07-23,0.85458,0.85682,0.84721,0
2026-07-24,0.85339,0.85654,0.84721,0
2026-07-26,0.85349,0.85654,0.84721,0
2026-07-27,0.85548,0.85654,0.84721,0
2026-07-28,0.85694,0.85694,0.84721,0
2026-07-29,0.85786,0.85786,0.84721,0
2026-07-30,0.85606,0.85786,0.84721,0
2026-07-31,0.8552,0.85786,0.84721,0
2026-08-02,0.85566,0.85786,0.84721,0
2026-08-03,0.85702,0.85786,0.84721,0
2026-08-04,0.85736,0.85786,0.84721,0
2026-08-05,0.85804,0.85804,0.84721,0
2026-08-06,0.85652,0.85804,0.84721,0
2026-08-07,0.85661,0.85804,0.84918,0
2026-08-09,0.85669,0.85804,0.84995,0
2026-08-10,0.85458,0.85804,0.84995,0
2026-08-11,0.85448,0.85804,0.84995,0
2026-08-12,0.8541,0.85804,0.85228,0
2026-08-13,0.85498,0.85804,0.8532,0
2026-08-14,0.85488,0.85804,0.85339,0
2026-08-16,0.85438,0.85804,0.85339,0
2026-08-17,0.85478,0.85804,0.85349,0
2026-08-18,0.8552,0.85804,0.8541,0
2026-08-19,0.85842,0.85842,0.8541,0
2026-08-20,0.85668,0.85842,0.8541,0
